<workbook>
  <worksheets>
    <worksheet name="Sheet1" defaultColumnWidth="48pt" defaultRowHeight="14.25pt" frozenRows="3">
      <columnStyles>
        <region>
          <lines>
            <l ymin="0" ymax="1">
              <segments>
                <s p="0" s="1" />
                <s p="1" s="0" />
              </segments>
            </l>
          </lines>
          <bounds x="0" y="0" width="1" height="1" />
          <style t="1">
            <width>196.5pt</width>
            <hidden>0</hidden>
            <conditionalFormats />
          </style>
        </region>
        <region>
          <lines>
            <l ymin="0" ymax="1">
              <segments>
                <s p="1" s="1" />
                <s p="2" s="0" />
              </segments>
            </l>
          </lines>
          <bounds x="1" y="0" width="1" height="1" />
          <style t="1">
            <width>105.75pt</width>
            <hidden>0</hidden>
            <conditionalFormats />
          </style>
        </region>
        <region>
          <lines>
            <l ymin="0" ymax="1">
              <segments>
                <s p="2" s="1" />
                <s p="3" s="0" />
              </segments>
            </l>
          </lines>
          <bounds x="2" y="0" width="1" height="1" />
          <style t="1">
            <width>88.5pt</width>
            <hidden>0</hidden>
            <conditionalFormats />
          </style>
        </region>
        <region>
          <lines>
            <l ymin="0" ymax="1">
              <segments>
                <s p="3" s="1" />
                <s p="4" s="0" />
              </segments>
            </l>
          </lines>
          <bounds x="3" y="0" width="1" height="1" />
          <style t="1">
            <width>162.75pt</width>
            <hidden>0</hidden>
            <conditionalFormats />
          </style>
        </region>
        <region>
          <lines>
            <l ymin="0" ymax="1">
              <segments>
                <s p="4" s="1" />
                <s p="5" s="0" />
              </segments>
            </l>
          </lines>
          <bounds x="4" y="0" width="1" height="1" />
          <style t="1">
            <width>198px</width>
            <hidden>0</hidden>
            <conditionalFormats />
          </style>
        </region>
        <region>
          <lines>
            <l ymin="0" ymax="1">
              <segments>
                <s p="5" s="1" />
                <s p="6" s="0" />
              </segments>
            </l>
          </lines>
          <bounds x="5" y="0" width="1" height="1" />
          <style t="1">
            <width>203px</width>
            <hidden>0</hidden>
            <conditionalFormats />
          </style>
        </region>
        <region>
          <lines>
            <l ymin="0" ymax="1">
              <segments>
                <s p="6" s="1" />
                <s p="1024" s="0" />
              </segments>
            </l>
          </lines>
          <bounds x="6" y="0" width="1018" height="1" />
          <style t="1">
            <hidden>1</hidden>
            <conditionalFormats />
          </style>
        </region>
      </columnStyles>
      <rowStyles>
        <region>
          <lines>
            <l ymin="0" ymax="1">
              <segments>
                <s p="1" s="1" />
                <s p="2" s="0" />
              </segments>
            </l>
          </lines>
          <bounds x="1" y="0" width="1" height="1" />
          <style t="2">
            <hidden>0</hidden>
            <outlineLevel>1</outlineLevel>
            <conditionalFormats />
            <fontSize>8</fontSize>
            <fontItalic>1</fontItalic>
            <halign>2</halign>
          </style>
        </region>
        <region>
          <lines>
            <l ymin="0" ymax="1">
              <segments>
                <s p="3" s="1" />
                <s p="4" s="0" />
              </segments>
            </l>
          </lines>
          <bounds x="3" y="0" width="1" height="1" />
          <style t="2">
            <height>14.25pt</height>
            <conditionalFormats />
            <fontName>Segoe UI</fontName>
            <fontSize>9</fontSize>
            <indent>2px</indent>
          </style>
        </region>
        <region>
          <lines>
            <l ymin="0" ymax="1">
              <segments>
                <s p="4" s="1" />
                <s p="62" s="0" />
                <s p="62" s="1" />
                <s p="63" s="0" />
              </segments>
            </l>
          </lines>
          <bounds x="4" y="0" width="59" height="1" />
          <style t="2">
            <height>14.25pt</height>
            <conditionalFormats />
            <fontName>Segoe UI</fontName>
            <fontSize>9</fontSize>
            <indent>2px</indent>
          </style>
        </region>
        <region>
          <lines>
            <l ymin="0" ymax="1">
              <segments>
                <s p="0" s="1" />
                <s p="1" s="0" />
              </segments>
            </l>
          </lines>
          <bounds x="0" y="0" width="1" height="1" />
          <style t="2">
            <height>51.75pt</height>
            <conditionalFormats />
            <fontBold>1</fontBold>
            <halign>2</halign>
            <valign>2</valign>
            <wrapText>1</wrapText>
          </style>
        </region>
        <region>
          <lines>
            <l ymin="0" ymax="1">
              <segments>
                <s p="2" s="1" />
                <s p="3" s="0" />
              </segments>
            </l>
          </lines>
          <bounds x="2" y="0" width="1" height="1" />
          <style t="2">
            <hidden>0</hidden>
            <outlineLevel>1</outlineLevel>
            <conditionalFormats />
            <fontSize>8</fontSize>
            <fontItalic>1</fontItalic>
          </style>
        </region>
        <region>
          <lines>
            <l ymin="0" ymax="1">
              <segments>
                <s p="63" s="1" />
                <s p="1048576" s="0" />
              </segments>
            </l>
          </lines>
          <bounds x="63" y="0" width="1048513" height="1" />
          <style t="2">
            <hidden>1</hidden>
            <conditionalFormats />
          </style>
        </region>
      </rowStyles>
      <styles>
        <region>
          <lines>
            <l ymin="3" ymax="62">
              <segments>
                <s p="0" s="1" />
                <s p="6" s="0" />
              </segments>
            </l>
            <l ymin="62" ymax="63">
              <segments>
                <s p="0" s="1" />
                <s p="5" s="0" />
                <s p="5" s="1" />
                <s p="6" s="0" />
              </segments>
            </l>
          </lines>
          <bounds x="0" y="3" width="6" height="60" />
          <style t="0">
            <conditionalFormats />
            <halign>1</halign>
          </style>
        </region>
        <region>
          <lines>
            <l ymin="0" ymax="3">
              <segments>
                <s p="0" s="1" />
                <s p="1" s="0" />
                <s p="1" s="1" />
                <s p="2" s="0" />
                <s p="2" s="1" />
                <s p="3" s="0" />
                <s p="3" s="1" />
                <s p="4" s="0" />
                <s p="4" s="1" />
                <s p="5" s="0" />
              </segments>
            </l>
          </lines>
          <bounds x="0" y="0" width="5" height="3" />
          <style t="0">
            <conditionalFormats />
            <background id="0" />
          </style>
        </region>
        <region>
          <lines>
            <l ymin="0" ymax="3">
              <segments>
                <s p="5" s="1" />
                <s p="6" s="0" />
              </segments>
            </l>
          </lines>
          <bounds x="5" y="0" width="1" height="3" />
          <style t="0">
            <conditionalFormats />
            <background id="1" />
          </style>
        </region>
      </styles>
      <mergedCells />
      <columns>
        <column n="0" pageBreak="0" collapsed="0">
          <tag />
        </column>
        <column n="1" pageBreak="0" collapsed="0">
          <tag />
        </column>
        <column n="2" pageBreak="0" collapsed="0">
          <tag />
        </column>
        <column n="3" pageBreak="0" collapsed="0">
          <tag />
        </column>
        <column n="4" pageBreak="0" collapsed="0">
          <tag />
        </column>
        <column n="5" pageBreak="0" collapsed="0">
          <tag />
        </column>
      </columns>
      <data>
        <row r="0" title="SingleHit" pageBreak="0" collapsed="0">
          <c c="0">
            <v t="23">1</v>
          </c>
          <c c="1">
            <v t="23">2</v>
          </c>
          <c c="2">
            <v t="23">3</v>
          </c>
          <c c="3">
            <v t="23">4</v>
          </c>
          <c c="4">
            <v t="23">5</v>
          </c>
          <c c="5">
            <v t="23">6</v>
          </c>
        </row>
        <row r="1" title="" pageBreak="0" collapsed="0">
          <c c="0">
            <v t="23">7</v>
          </c>
          <c c="1">
            <v t="23">7</v>
          </c>
          <c c="2">
            <v t="23">7</v>
          </c>
          <c c="3">
            <v t="23">7</v>
          </c>
          <c c="4">
            <v t="23">7</v>
          </c>
          <c c="5">
            <v t="23">8</v>
          </c>
        </row>
        <row r="2" title="" pageBreak="0" collapsed="0">
          <c c="0">
            <v t="23">1</v>
          </c>
          <c c="1">
            <v t="23">9</v>
          </c>
          <c c="2">
            <v t="23">10</v>
          </c>
          <c c="3">
            <v t="23">11</v>
          </c>
          <c c="4">
            <v t="23">12</v>
          </c>
          <c c="5">
            <v t="23">6</v>
          </c>
        </row>
        <row r="3" title="1" pageBreak="0" collapsed="0">
          <c c="0">
            <v t="23">13</v>
          </c>
          <c c="1">
            <v t="23">14</v>
          </c>
          <c c="2">
            <v t="23">14</v>
          </c>
          <c c="3">
            <v t="23">14</v>
          </c>
          <c c="4">
            <v t="23">14</v>
          </c>
          <c c="5">
            <v t="23">15</v>
          </c>
        </row>
        <row r="4" title="2" pageBreak="0" collapsed="0">
          <c c="0">
            <v t="23">16</v>
          </c>
          <c c="1">
            <v t="23">17</v>
          </c>
          <c c="2">
            <v t="23">14</v>
          </c>
          <c c="3">
            <v t="23">14</v>
          </c>
          <c c="4">
            <v t="23">14</v>
          </c>
          <c c="5">
            <v t="23">15</v>
          </c>
        </row>
        <row r="5" title="3" pageBreak="0" collapsed="0">
          <c c="0">
            <v t="23">16</v>
          </c>
          <c c="1">
            <v t="23">14</v>
          </c>
          <c c="2">
            <v t="23">17</v>
          </c>
          <c c="3">
            <v t="23">14</v>
          </c>
          <c c="4">
            <v t="23">14</v>
          </c>
          <c c="5">
            <v t="23">15</v>
          </c>
        </row>
        <row r="6" title="4" pageBreak="0" collapsed="0">
          <c c="0">
            <v t="23">16</v>
          </c>
          <c c="1">
            <v t="23">18</v>
          </c>
          <c c="2">
            <v t="23">18</v>
          </c>
          <c c="3">
            <v t="23">14</v>
          </c>
          <c c="4">
            <v t="23">14</v>
          </c>
          <c c="5">
            <v t="23">15</v>
          </c>
        </row>
        <row r="7" title="5" pageBreak="0" collapsed="0">
          <c c="0">
            <v t="23">16</v>
          </c>
          <c c="1">
            <v t="23">18</v>
          </c>
          <c c="2">
            <v t="23">19</v>
          </c>
          <c c="3">
            <v t="23">14</v>
          </c>
          <c c="4">
            <v t="23">20</v>
          </c>
          <c c="5">
            <v t="23">21</v>
          </c>
        </row>
        <row r="8" title="6" pageBreak="0" collapsed="0">
          <c c="0">
            <v t="23">16</v>
          </c>
          <c c="1">
            <v t="23">18</v>
          </c>
          <c c="2">
            <v t="23">19</v>
          </c>
          <c c="3">
            <v t="23">14</v>
          </c>
          <c c="4">
            <v t="23">22</v>
          </c>
          <c c="5">
            <v t="23">23</v>
          </c>
        </row>
        <row r="9" title="7" pageBreak="0" collapsed="0">
          <c c="0">
            <v t="23">16</v>
          </c>
          <c c="1">
            <v t="23">19</v>
          </c>
          <c c="2">
            <v t="23">18</v>
          </c>
          <c c="3">
            <v t="23">20</v>
          </c>
          <c c="4">
            <v t="23">14</v>
          </c>
          <c c="5">
            <v t="23">23</v>
          </c>
        </row>
        <row r="10" title="8" pageBreak="0" collapsed="0">
          <c c="0">
            <v t="23">16</v>
          </c>
          <c c="1">
            <v t="23">19</v>
          </c>
          <c c="2">
            <v t="23">18</v>
          </c>
          <c c="3">
            <v t="23">22</v>
          </c>
          <c c="4">
            <v t="23">14</v>
          </c>
          <c c="5">
            <v t="23">21</v>
          </c>
        </row>
        <row r="11" title="9" pageBreak="0" collapsed="0">
          <c c="0">
            <v t="23">16</v>
          </c>
          <c c="1">
            <v t="23">19</v>
          </c>
          <c c="2">
            <v t="23">19</v>
          </c>
          <c c="3">
            <v t="23">24</v>
          </c>
          <c c="4">
            <v t="23">25</v>
          </c>
          <c c="5">
            <v t="23">16</v>
          </c>
        </row>
        <row r="12" title="10" pageBreak="0" collapsed="0">
          <c c="0">
            <v t="23">16</v>
          </c>
          <c c="1">
            <v t="23">19</v>
          </c>
          <c c="2">
            <v t="23">19</v>
          </c>
          <c c="3">
            <v t="23">26</v>
          </c>
          <c c="4">
            <v t="23">25</v>
          </c>
          <c c="5">
            <v t="23">27</v>
          </c>
        </row>
        <row r="13" title="11" pageBreak="0" collapsed="0">
          <c c="0">
            <v t="23">16</v>
          </c>
          <c c="1">
            <v t="23">19</v>
          </c>
          <c c="2">
            <v t="23">19</v>
          </c>
          <c c="3">
            <v t="23">28</v>
          </c>
          <c c="4">
            <v t="23">29</v>
          </c>
          <c c="5">
            <v t="23">21</v>
          </c>
        </row>
        <row r="14" title="12" pageBreak="0" collapsed="0">
          <c c="0">
            <v t="23">16</v>
          </c>
          <c c="1">
            <v t="23">19</v>
          </c>
          <c c="2">
            <v t="23">19</v>
          </c>
          <c c="3">
            <v t="23">28</v>
          </c>
          <c c="4">
            <v t="23">20</v>
          </c>
          <c c="5">
            <v t="23">21</v>
          </c>
        </row>
        <row r="15" title="13" pageBreak="0" collapsed="0">
          <c c="0">
            <v t="23">16</v>
          </c>
          <c c="1">
            <v t="23">19</v>
          </c>
          <c c="2">
            <v t="23">19</v>
          </c>
          <c c="3">
            <v t="23">28</v>
          </c>
          <c c="4">
            <v t="23">30</v>
          </c>
          <c c="5">
            <v t="23">27</v>
          </c>
        </row>
        <row r="16" title="14" pageBreak="0" collapsed="0">
          <c c="0">
            <v t="23">16</v>
          </c>
          <c c="1">
            <v t="23">19</v>
          </c>
          <c c="2">
            <v t="23">19</v>
          </c>
          <c c="3">
            <v t="23">28</v>
          </c>
          <c c="4">
            <v t="23">31</v>
          </c>
          <c c="5">
            <v t="23">23</v>
          </c>
        </row>
        <row r="17" title="15" pageBreak="0" collapsed="0">
          <c c="0">
            <v t="23">16</v>
          </c>
          <c c="1">
            <v t="23">19</v>
          </c>
          <c c="2">
            <v t="23">19</v>
          </c>
          <c c="3">
            <v t="23">30</v>
          </c>
          <c c="4">
            <v t="23">28</v>
          </c>
          <c c="5">
            <v t="23">27</v>
          </c>
        </row>
        <row r="18" title="16" pageBreak="0" collapsed="0">
          <c c="0">
            <v t="23">16</v>
          </c>
          <c c="1">
            <v t="23">19</v>
          </c>
          <c c="2">
            <v t="23">19</v>
          </c>
          <c c="3">
            <v t="23">30</v>
          </c>
          <c c="4">
            <v t="23">32</v>
          </c>
          <c c="5">
            <v t="23">21</v>
          </c>
        </row>
        <row r="19" title="17" pageBreak="0" collapsed="0">
          <c c="0">
            <v t="23">16</v>
          </c>
          <c c="1">
            <v t="23">19</v>
          </c>
          <c c="2">
            <v t="23">19</v>
          </c>
          <c c="3">
            <v t="23">30</v>
          </c>
          <c c="4">
            <v t="23">29</v>
          </c>
          <c c="5">
            <v t="23">21</v>
          </c>
        </row>
        <row r="20" title="18" pageBreak="0" collapsed="0">
          <c c="0">
            <v t="23">16</v>
          </c>
          <c c="1">
            <v t="23">19</v>
          </c>
          <c c="2">
            <v t="23">19</v>
          </c>
          <c c="3">
            <v t="23">30</v>
          </c>
          <c c="4">
            <v t="23">20</v>
          </c>
          <c c="5">
            <v t="23">21</v>
          </c>
        </row>
        <row r="21" title="19" pageBreak="0" collapsed="0">
          <c c="0">
            <v t="23">16</v>
          </c>
          <c c="1">
            <v t="23">19</v>
          </c>
          <c c="2">
            <v t="23">19</v>
          </c>
          <c c="3">
            <v t="23">30</v>
          </c>
          <c c="4">
            <v t="23">33</v>
          </c>
          <c c="5">
            <v t="23">23</v>
          </c>
        </row>
        <row r="22" title="20" pageBreak="0" collapsed="0">
          <c c="0">
            <v t="23">16</v>
          </c>
          <c c="1">
            <v t="23">19</v>
          </c>
          <c c="2">
            <v t="23">19</v>
          </c>
          <c c="3">
            <v t="23">34</v>
          </c>
          <c c="4">
            <v t="23">35</v>
          </c>
          <c c="5">
            <v t="23">23</v>
          </c>
        </row>
        <row r="23" title="21" pageBreak="0" collapsed="0">
          <c c="0">
            <v t="23">16</v>
          </c>
          <c c="1">
            <v t="23">19</v>
          </c>
          <c c="2">
            <v t="23">19</v>
          </c>
          <c c="3">
            <v t="23">34</v>
          </c>
          <c c="4">
            <v t="23">29</v>
          </c>
          <c c="5">
            <v t="23">23</v>
          </c>
        </row>
        <row r="24" title="22" pageBreak="0" collapsed="0">
          <c c="0">
            <v t="23">16</v>
          </c>
          <c c="1">
            <v t="23">19</v>
          </c>
          <c c="2">
            <v t="23">19</v>
          </c>
          <c c="3">
            <v t="23">34</v>
          </c>
          <c c="4">
            <v t="23">20</v>
          </c>
          <c c="5">
            <v t="23">23</v>
          </c>
        </row>
        <row r="25" title="23" pageBreak="0" collapsed="0">
          <c c="0">
            <v t="23">16</v>
          </c>
          <c c="1">
            <v t="23">19</v>
          </c>
          <c c="2">
            <v t="23">19</v>
          </c>
          <c c="3">
            <v t="23">34</v>
          </c>
          <c c="4">
            <v t="23">36</v>
          </c>
          <c c="5">
            <v t="23">27</v>
          </c>
        </row>
        <row r="26" title="24" pageBreak="0" collapsed="0">
          <c c="0">
            <v t="23">16</v>
          </c>
          <c c="1">
            <v t="23">19</v>
          </c>
          <c c="2">
            <v t="23">19</v>
          </c>
          <c c="3">
            <v t="23">34</v>
          </c>
          <c c="4">
            <v t="23">37</v>
          </c>
          <c c="5">
            <v t="23">21</v>
          </c>
        </row>
        <row r="27" title="25" pageBreak="0" collapsed="0">
          <c c="0">
            <v t="23">16</v>
          </c>
          <c c="1">
            <v t="23">19</v>
          </c>
          <c c="2">
            <v t="23">19</v>
          </c>
          <c c="3">
            <v t="23">35</v>
          </c>
          <c c="4">
            <v t="23">38</v>
          </c>
          <c c="5">
            <v t="23">23</v>
          </c>
        </row>
        <row r="28" title="26" pageBreak="0" collapsed="0">
          <c c="0">
            <v t="23">16</v>
          </c>
          <c c="1">
            <v t="23">19</v>
          </c>
          <c c="2">
            <v t="23">19</v>
          </c>
          <c c="3">
            <v t="23">35</v>
          </c>
          <c c="4">
            <v t="23">36</v>
          </c>
          <c c="5">
            <v t="23">23</v>
          </c>
        </row>
        <row r="29" title="27" pageBreak="0" collapsed="0">
          <c c="0">
            <v t="23">16</v>
          </c>
          <c c="1">
            <v t="23">19</v>
          </c>
          <c c="2">
            <v t="23">19</v>
          </c>
          <c c="3">
            <v t="23">35</v>
          </c>
          <c c="4">
            <v t="23">39</v>
          </c>
          <c c="5">
            <v t="23">21</v>
          </c>
        </row>
        <row r="30" title="28" pageBreak="0" collapsed="0">
          <c c="0">
            <v t="23">16</v>
          </c>
          <c c="1">
            <v t="23">19</v>
          </c>
          <c c="2">
            <v t="23">19</v>
          </c>
          <c c="3">
            <v t="23">29</v>
          </c>
          <c c="4">
            <v t="23">34</v>
          </c>
          <c c="5">
            <v t="23">21</v>
          </c>
        </row>
        <row r="31" title="29" pageBreak="0" collapsed="0">
          <c c="0">
            <v t="23">16</v>
          </c>
          <c c="1">
            <v t="23">19</v>
          </c>
          <c c="2">
            <v t="23">19</v>
          </c>
          <c c="3">
            <v t="23">29</v>
          </c>
          <c c="4">
            <v t="23">20</v>
          </c>
          <c c="5">
            <v t="23">21</v>
          </c>
        </row>
        <row r="32" title="30" pageBreak="0" collapsed="0">
          <c c="0">
            <v t="23">16</v>
          </c>
          <c c="1">
            <v t="23">19</v>
          </c>
          <c c="2">
            <v t="23">19</v>
          </c>
          <c c="3">
            <v t="23">29</v>
          </c>
          <c c="4">
            <v t="23">40</v>
          </c>
          <c c="5">
            <v t="23">23</v>
          </c>
        </row>
        <row r="33" title="31" pageBreak="0" collapsed="0">
          <c c="0">
            <v t="23">16</v>
          </c>
          <c c="1">
            <v t="23">19</v>
          </c>
          <c c="2">
            <v t="23">19</v>
          </c>
          <c c="3">
            <v t="23">38</v>
          </c>
          <c c="4">
            <v t="23">34</v>
          </c>
          <c c="5">
            <v t="23">23</v>
          </c>
        </row>
        <row r="34" title="32" pageBreak="0" collapsed="0">
          <c c="0">
            <v t="23">16</v>
          </c>
          <c c="1">
            <v t="23">19</v>
          </c>
          <c c="2">
            <v t="23">19</v>
          </c>
          <c c="3">
            <v t="23">38</v>
          </c>
          <c c="4">
            <v t="23">41</v>
          </c>
          <c c="5">
            <v t="23">23</v>
          </c>
        </row>
        <row r="35" title="33" pageBreak="0" collapsed="0">
          <c c="0">
            <v t="23">16</v>
          </c>
          <c c="1">
            <v t="23">19</v>
          </c>
          <c c="2">
            <v t="23">19</v>
          </c>
          <c c="3">
            <v t="23">38</v>
          </c>
          <c c="4">
            <v t="23">36</v>
          </c>
          <c c="5">
            <v t="23">23</v>
          </c>
        </row>
        <row r="36" title="34" pageBreak="0" collapsed="0">
          <c c="0">
            <v t="23">16</v>
          </c>
          <c c="1">
            <v t="23">19</v>
          </c>
          <c c="2">
            <v t="23">19</v>
          </c>
          <c c="3">
            <v t="23">38</v>
          </c>
          <c c="4">
            <v t="23">42</v>
          </c>
          <c c="5">
            <v t="23">21</v>
          </c>
        </row>
        <row r="37" title="35" pageBreak="0" collapsed="0">
          <c c="0">
            <v t="23">16</v>
          </c>
          <c c="1">
            <v t="23">19</v>
          </c>
          <c c="2">
            <v t="23">19</v>
          </c>
          <c c="3">
            <v t="23">43</v>
          </c>
          <c c="4">
            <v t="23">34</v>
          </c>
          <c c="5">
            <v t="23">23</v>
          </c>
        </row>
        <row r="38" title="36" pageBreak="0" collapsed="0">
          <c c="0">
            <v t="23">16</v>
          </c>
          <c c="1">
            <v t="23">19</v>
          </c>
          <c c="2">
            <v t="23">19</v>
          </c>
          <c c="3">
            <v t="23">43</v>
          </c>
          <c c="4">
            <v t="23">35</v>
          </c>
          <c c="5">
            <v t="23">23</v>
          </c>
        </row>
        <row r="39" title="37" pageBreak="0" collapsed="0">
          <c c="0">
            <v t="23">16</v>
          </c>
          <c c="1">
            <v t="23">19</v>
          </c>
          <c c="2">
            <v t="23">19</v>
          </c>
          <c c="3">
            <v t="23">43</v>
          </c>
          <c c="4">
            <v t="23">38</v>
          </c>
          <c c="5">
            <v t="23">23</v>
          </c>
        </row>
        <row r="40" title="38" pageBreak="0" collapsed="0">
          <c c="0">
            <v t="23">16</v>
          </c>
          <c c="1">
            <v t="23">19</v>
          </c>
          <c c="2">
            <v t="23">19</v>
          </c>
          <c c="3">
            <v t="23">43</v>
          </c>
          <c c="4">
            <v t="23">44</v>
          </c>
          <c c="5">
            <v t="23">23</v>
          </c>
        </row>
        <row r="41" title="39" pageBreak="0" collapsed="0">
          <c c="0">
            <v t="23">16</v>
          </c>
          <c c="1">
            <v t="23">19</v>
          </c>
          <c c="2">
            <v t="23">19</v>
          </c>
          <c c="3">
            <v t="23">43</v>
          </c>
          <c c="4">
            <v t="23">41</v>
          </c>
          <c c="5">
            <v t="23">23</v>
          </c>
        </row>
        <row r="42" title="40" pageBreak="0" collapsed="0">
          <c c="0">
            <v t="23">16</v>
          </c>
          <c c="1">
            <v t="23">19</v>
          </c>
          <c c="2">
            <v t="23">19</v>
          </c>
          <c c="3">
            <v t="23">43</v>
          </c>
          <c c="4">
            <v t="23">36</v>
          </c>
          <c c="5">
            <v t="23">23</v>
          </c>
        </row>
        <row r="43" title="41" pageBreak="0" collapsed="0">
          <c c="0">
            <v t="23">16</v>
          </c>
          <c c="1">
            <v t="23">19</v>
          </c>
          <c c="2">
            <v t="23">19</v>
          </c>
          <c c="3">
            <v t="23">43</v>
          </c>
          <c c="4">
            <v t="23">45</v>
          </c>
          <c c="5">
            <v t="23">21</v>
          </c>
        </row>
        <row r="44" title="42" pageBreak="0" collapsed="0">
          <c c="0">
            <v t="23">16</v>
          </c>
          <c c="1">
            <v t="23">19</v>
          </c>
          <c c="2">
            <v t="23">19</v>
          </c>
          <c c="3">
            <v t="23">46</v>
          </c>
          <c c="4">
            <v t="23">28</v>
          </c>
          <c c="5">
            <v t="23">21</v>
          </c>
        </row>
        <row r="45" title="43" pageBreak="0" collapsed="0">
          <c c="0">
            <v t="23">16</v>
          </c>
          <c c="1">
            <v t="23">19</v>
          </c>
          <c c="2">
            <v t="23">19</v>
          </c>
          <c c="3">
            <v t="23">46</v>
          </c>
          <c c="4">
            <v t="23">30</v>
          </c>
          <c c="5">
            <v t="23">21</v>
          </c>
        </row>
        <row r="46" title="44" pageBreak="0" collapsed="0">
          <c c="0">
            <v t="23">16</v>
          </c>
          <c c="1">
            <v t="23">19</v>
          </c>
          <c c="2">
            <v t="23">19</v>
          </c>
          <c c="3">
            <v t="23">46</v>
          </c>
          <c c="4">
            <v t="23">29</v>
          </c>
          <c c="5">
            <v t="23">21</v>
          </c>
        </row>
        <row r="47" title="45" pageBreak="0" collapsed="0">
          <c c="0">
            <v t="23">16</v>
          </c>
          <c c="1">
            <v t="23">19</v>
          </c>
          <c c="2">
            <v t="23">19</v>
          </c>
          <c c="3">
            <v t="23">46</v>
          </c>
          <c c="4">
            <v t="23">20</v>
          </c>
          <c c="5">
            <v t="23">21</v>
          </c>
        </row>
        <row r="48" title="46" pageBreak="0" collapsed="0">
          <c c="0">
            <v t="23">16</v>
          </c>
          <c c="1">
            <v t="23">19</v>
          </c>
          <c c="2">
            <v t="23">19</v>
          </c>
          <c c="3">
            <v t="23">46</v>
          </c>
          <c c="4">
            <v t="23">47</v>
          </c>
          <c c="5">
            <v t="23">23</v>
          </c>
        </row>
        <row r="49" title="47" pageBreak="0" collapsed="0">
          <c c="0">
            <v t="23">16</v>
          </c>
          <c c="1">
            <v t="23">19</v>
          </c>
          <c c="2">
            <v t="23">19</v>
          </c>
          <c c="3">
            <v t="23">44</v>
          </c>
          <c c="4">
            <v t="23">34</v>
          </c>
          <c c="5">
            <v t="23">23</v>
          </c>
        </row>
        <row r="50" title="48" pageBreak="0" collapsed="0">
          <c c="0">
            <v t="23">16</v>
          </c>
          <c c="1">
            <v t="23">19</v>
          </c>
          <c c="2">
            <v t="23">19</v>
          </c>
          <c c="3">
            <v t="23">44</v>
          </c>
          <c c="4">
            <v t="23">35</v>
          </c>
          <c c="5">
            <v t="23">23</v>
          </c>
        </row>
        <row r="51" title="49" pageBreak="0" collapsed="0">
          <c c="0">
            <v t="23">16</v>
          </c>
          <c c="1">
            <v t="23">19</v>
          </c>
          <c c="2">
            <v t="23">19</v>
          </c>
          <c c="3">
            <v t="23">44</v>
          </c>
          <c c="4">
            <v t="23">38</v>
          </c>
          <c c="5">
            <v t="23">23</v>
          </c>
        </row>
        <row r="52" title="50" pageBreak="0" collapsed="0">
          <c c="0">
            <v t="23">16</v>
          </c>
          <c c="1">
            <v t="23">19</v>
          </c>
          <c c="2">
            <v t="23">19</v>
          </c>
          <c c="3">
            <v t="23">44</v>
          </c>
          <c c="4">
            <v t="23">41</v>
          </c>
          <c c="5">
            <v t="23">23</v>
          </c>
        </row>
        <row r="53" title="51" pageBreak="0" collapsed="0">
          <c c="0">
            <v t="23">16</v>
          </c>
          <c c="1">
            <v t="23">19</v>
          </c>
          <c c="2">
            <v t="23">19</v>
          </c>
          <c c="3">
            <v t="23">44</v>
          </c>
          <c c="4">
            <v t="23">36</v>
          </c>
          <c c="5">
            <v t="23">23</v>
          </c>
        </row>
        <row r="54" title="52" pageBreak="0" collapsed="0">
          <c c="0">
            <v t="23">16</v>
          </c>
          <c c="1">
            <v t="23">19</v>
          </c>
          <c c="2">
            <v t="23">19</v>
          </c>
          <c c="3">
            <v t="23">44</v>
          </c>
          <c c="4">
            <v t="23">48</v>
          </c>
          <c c="5">
            <v t="23">21</v>
          </c>
        </row>
        <row r="55" title="53" pageBreak="0" collapsed="0">
          <c c="0">
            <v t="23">16</v>
          </c>
          <c c="1">
            <v t="23">19</v>
          </c>
          <c c="2">
            <v t="23">19</v>
          </c>
          <c c="3">
            <v t="23">41</v>
          </c>
          <c c="4">
            <v t="23">34</v>
          </c>
          <c c="5">
            <v t="23">23</v>
          </c>
        </row>
        <row r="56" title="54" pageBreak="0" collapsed="0">
          <c c="0">
            <v t="23">16</v>
          </c>
          <c c="1">
            <v t="23">19</v>
          </c>
          <c c="2">
            <v t="23">19</v>
          </c>
          <c c="3">
            <v t="23">41</v>
          </c>
          <c c="4">
            <v t="23">35</v>
          </c>
          <c c="5">
            <v t="23">23</v>
          </c>
        </row>
        <row r="57" title="55" pageBreak="0" collapsed="0">
          <c c="0">
            <v t="23">16</v>
          </c>
          <c c="1">
            <v t="23">19</v>
          </c>
          <c c="2">
            <v t="23">19</v>
          </c>
          <c c="3">
            <v t="23">41</v>
          </c>
          <c c="4">
            <v t="23">36</v>
          </c>
          <c c="5">
            <v t="23">23</v>
          </c>
        </row>
        <row r="58" title="56" pageBreak="0" collapsed="0">
          <c c="0">
            <v t="23">16</v>
          </c>
          <c c="1">
            <v t="23">19</v>
          </c>
          <c c="2">
            <v t="23">19</v>
          </c>
          <c c="3">
            <v t="23">41</v>
          </c>
          <c c="4">
            <v t="23">49</v>
          </c>
          <c c="5">
            <v t="23">21</v>
          </c>
        </row>
        <row r="59" title="57" pageBreak="0" collapsed="0">
          <c c="0">
            <v t="23">16</v>
          </c>
          <c c="1">
            <v t="23">19</v>
          </c>
          <c c="2">
            <v t="23">19</v>
          </c>
          <c c="3">
            <v t="23">20</v>
          </c>
          <c c="4">
            <v t="23">34</v>
          </c>
          <c c="5">
            <v t="23">21</v>
          </c>
        </row>
        <row r="60" title="58" pageBreak="0" collapsed="0">
          <c c="0">
            <v t="23">16</v>
          </c>
          <c c="1">
            <v t="23">19</v>
          </c>
          <c c="2">
            <v t="23">19</v>
          </c>
          <c c="3">
            <v t="23">20</v>
          </c>
          <c c="4">
            <v t="23">50</v>
          </c>
          <c c="5">
            <v t="23">23</v>
          </c>
        </row>
        <row r="61" title="59" pageBreak="0" collapsed="0">
          <c c="0">
            <v t="23">16</v>
          </c>
          <c c="1">
            <v t="23">19</v>
          </c>
          <c c="2">
            <v t="23">19</v>
          </c>
          <c c="3">
            <v t="23">36</v>
          </c>
          <c c="4">
            <v t="23">34</v>
          </c>
          <c c="5">
            <v t="23">27</v>
          </c>
        </row>
        <row r="62" title="60" pageBreak="0" collapsed="0">
          <c c="0">
            <v t="23">16</v>
          </c>
          <c c="1">
            <v t="23">19</v>
          </c>
          <c c="2">
            <v t="23">19</v>
          </c>
          <c c="3">
            <v t="23">36</v>
          </c>
          <c c="4">
            <v t="23">51</v>
          </c>
          <c c="5">
            <v t="23">21</v>
          </c>
        </row>
      </data>
      <hyperlinks />
      <drawing />
    </worksheet>
  </worksheets>
  <resources>
    <sharedStrings />
    <brushes>
      <brush n="0" t="solid">
        <color>#FFC0FFC0</color>
      </brush>
      <brush n="1" t="solid">
        <color>#FFFFE0C0</color>
      </brush>
    </brushes>
    <images />
  </resources>
  <namedRanges />
  <FlexRule>
    <Columns>
      <Add name="Circumstance Gravity Liability" description="" />
      <Add name="Insured Customer Number Of Circumstances" description="" />
      <Add name="Counterparty Number Of Circumstances" description="" />
      <Add name="Insured Customer Accident Circumstance" description="" />
      <Add name="Counterparty Accident Circumstance" description="" />
      <Add name="Car Accident Liability" description="" />
    </Columns>
  </FlexRule>
</workbook>