<DecisionTable name="Circumstance Gravity Liability" processAll="False">
  <Declaration>
    <Define name="Counterparty Highest Circumstance Gravity" type="Circumstance Gravities" assembly="Glossaries\InputData.xml" direction="In" />
    <Define name="Circumstance Gravity Liability" type="Liabilities" assembly="Glossaries\InputData.xml" direction="Out" />
    <Define name="Insured Customer Highest Circumstance Gravity" type="Circumstance Gravities" assembly="Glossaries\InputData.xml" direction="In" />
  </Declaration>
  <Columns>
    <Condition name="Insured Customer Highest Circumstance Gravity" expression="Insured Customer Highest Circumstance Gravity" />
    <Condition name="Counterparty Highest Circumstance Gravity" expression="Counterparty Highest Circumstance Gravity" />
    <Action name="Circumstance Gravity Liability" expression="Circumstance Gravity Liability" />
  </Columns>
  <Data>
    <Row>
      <Value>Extremely Inculpatory</Value>
      <Value>Extremely Inculpatory</Value>
      <Value>Shared Liability</Value>
    </Row>
    <Row>
      <Value>Extremely Inculpatory</Value>
      <Value>not: Extremely Inculpatory</Value>
      <Value>Insured Customer Liability</Value>
    </Row>
    <Row>
      <Value>not: Extremely Inculpatory</Value>
      <Value>Extremely Inculpatory</Value>
      <Value>Counterparty Liability</Value>
    </Row>
    <Row>
      <Value>Inculpatory</Value>
      <Value>Inculpatory</Value>
      <Value>Shared Liability</Value>
    </Row>
    <Row>
      <Value>Inculpatory</Value>
      <Value>not: Inculpatory</Value>
      <Value>Insured Customer Liability</Value>
    </Row>
    <Row>
      <Value>not: Inculpatory</Value>
      <Value>Inculpatory</Value>
      <Value>Counterparty Liability</Value>
    </Row>
    <Row>
      <Value>Protecting</Value>
      <Value>Protecting</Value>
      <Value>Shared Liability</Value>
    </Row>
    <Row>
      <Value>Protecting</Value>
      <Value>not: Protecting</Value>
      <Value>Counterparty Liability</Value>
    </Row>
    <Row>
      <Value>not: Protecting or Inculpatory or Extremely Inculpatory</Value>
      <Value>Protecting</Value>
      <Value>Insured Customer Liability</Value>
    </Row>
    <Row>
      <Value>Neutral</Value>
      <Value>Neutral</Value>
      <Value>Liability Cannot Be Determined</Value>
    </Row>
  </Data>
</DecisionTable>