<Nodes version="2">
  <NodeInfo name="Counterparty Object RDR Eligibility" type="DRD" />
  <NodeInfo name="Decision172" type="Decision">
    <Label>
      <Text>Counterparty Insurance RDR Affiliated</Text>
      <Font>
        <Name>Microsoft Sans Serif</Name>
        <Style>Regular</Style>
        <Size>9</Size>
      </Font>
      <Size>
        <Width>33.07291</Width>
        <Height>11.46667</Height>
      </Size>
      <Location>
        <X>54.76875</X>
        <Y>100.9812</Y>
      </Location>
      <Alignment>
        <Vertical>Center</Vertical>
        <Horizontal>Center</Horizontal>
      </Alignment>
    </Label>
    <Image></Image>
    <ImageAlign>Center</ImageAlign>
    <FillColorFrom>-7876870</FillColorFrom>
    <FillColorTo>-7876870</FillColorTo>
    <Border>
      <Color>-16777216</Color>
      <Width>0.3</Width>
    </Border>
    <Location>
      <X>54.14999</X>
      <Y>100.9812</Y>
    </Location>
    <Size>
      <Width>34.48542</Width>
      <Height>13.05417</Height>
    </Size>
  </NodeInfo>
  <NodeInfo name="Decision195" type="Decision">
    <Label>
      <Text>Motor Vehicle</Text>
      <Font>
        <Name>Microsoft Sans Serif</Name>
        <Style>Regular</Style>
        <Size>9</Size>
      </Font>
      <Size>
        <Width>20</Width>
        <Height>10</Height>
      </Size>
      <Location>
        <X>119.601</X>
        <Y>101.775</Y>
      </Location>
      <Alignment>
        <Vertical>Center</Vertical>
        <Horizontal>Center</Horizontal>
      </Alignment>
    </Label>
    <Image></Image>
    <ImageAlign>Center</ImageAlign>
    <FillColorFrom>-7876870</FillColorFrom>
    <FillColorTo>-7876870</FillColorTo>
    <Border>
      <Color>-16777216</Color>
      <Width>0.3</Width>
    </Border>
    <Location>
      <X>112.3583</X>
      <Y>101.775</Y>
    </Location>
    <Size>
      <Width>34.48542</Width>
      <Height>13.05417</Height>
    </Size>
  </NodeInfo>
  <NodeInfo name="Decision196" type="Decision">
    <Label>
      <Text>Counterparty Object RDR Eligibility</Text>
      <Font>
        <Name>Microsoft Sans Serif</Name>
        <Style>Regular</Style>
        <Size>9</Size>
      </Font>
      <Size>
        <Width>34.925</Width>
        <Height>10</Height>
      </Size>
      <Location>
        <X>85.19582</X>
        <Y>62.88125</Y>
      </Location>
      <Alignment>
        <Vertical>Center</Vertical>
        <Horizontal>Center</Horizontal>
      </Alignment>
    </Label>
    <Image></Image>
    <ImageAlign>Center</ImageAlign>
    <FillColorFrom>-7876870</FillColorFrom>
    <FillColorTo>-7876870</FillColorTo>
    <Border>
      <Color>-16777216</Color>
      <Width>0.3</Width>
    </Border>
    <Location>
      <X>85.63541</X>
      <Y>62.88125</Y>
    </Location>
    <Size>
      <Width>34.48542</Width>
      <Height>13.05417</Height>
    </Size>
  </NodeInfo>
  <NodeInfo name="Counterparty Object" type="InputData">
    <Label>
      <Text>input</Text>
      <Font>
        <Name>Microsoft Sans Serif</Name>
        <Style>Regular</Style>
        <Size>9</Size>
      </Font>
      <Size>
        <Width>20</Width>
        <Height>10</Height>
      </Size>
      <Location>
        <X>143.3604</X>
        <Y>64.25</Y>
      </Location>
      <Alignment>
        <Vertical>Center</Vertical>
        <Horizontal>Center</Horizontal>
      </Alignment>
    </Label>
    <Image></Image>
    <ImageAlign>Center</ImageAlign>
    <FillColorFrom>-2572328</FillColorFrom>
    <FillColorTo>-2572328</FillColorTo>
    <Border>
      <Color>-16777216</Color>
      <Width>0.3</Width>
    </Border>
    <Location>
      <X>143.3604</X>
      <Y>64.25</Y>
    </Location>
    <Size>
      <Width>20</Width>
      <Height>10</Height>
    </Size>
  </NodeInfo>
  <NodeInfo name="Transition197" type="Transition">
    <Label>
      <Text></Text>
      <Font>
        <Name>Microsoft Sans Serif</Name>
        <Style>Regular</Style>
        <Size>9</Size>
      </Font>
    </Label>
    <FillColorFrom>-9868951</FillColorFrom>
    <FillColorTo>-9868951</FillColorTo>
    <Border>
      <Color>-16777216</Color>
      <Width>0.3</Width>
    </Border>
    <Location>
      <X>76.49075</X>
      <Y>75.63541</Y>
    </Location>
    <Size>
      <Width>21.30371</Width>
      <Height>25.64579</Height>
    </Size>
    <Shape>Polyline</Shape>
    <SegmentCount>1</SegmentCount>
    <Anchors>
      <Origin>-1</Origin>
      <Destination>-1</Destination>
    </Anchors>
    <Head>Triangle</Head>
    <Pen>0/#FF000000/0.3/0/0//0/0/10/</Pen>
    <Points>
      <Point>
        <X>76.79075</X>
        <Y>100.9812</Y>
      </Point>
      <Point>
        <X>97.49445</X>
        <Y>75.93542</Y>
      </Point>
      <Start>
        <X>76.79075</X>
        <Y>100.9812</Y>
      </Start>
      <End>
        <X>97.49445</X>
        <Y>75.93542</Y>
      </End>
    </Points>
  </NodeInfo>
  <NodeInfo name="Transition198" type="Transition">
    <Label>
      <Text></Text>
      <Font>
        <Name>Microsoft Sans Serif</Name>
        <Style>Regular</Style>
        <Size>9</Size>
      </Font>
    </Label>
    <FillColorFrom>-9868951</FillColorFrom>
    <FillColorTo>-9868951</FillColorTo>
    <Border>
      <Color>-16777216</Color>
      <Width>0.3</Width>
    </Border>
    <Location>
      <X>107.0725</X>
      <Y>75.63541</Y>
    </Location>
    <Size>
      <Width>18.34781</Width>
      <Height>26.43959</Height>
    </Size>
    <Shape>Polyline</Shape>
    <SegmentCount>1</SegmentCount>
    <Anchors>
      <Origin>-1</Origin>
      <Destination>-1</Destination>
    </Anchors>
    <Head>Triangle</Head>
    <Pen>0/#FF000000/0.3/0/0//0/0/10/</Pen>
    <Points>
      <Point>
        <X>125.1203</X>
        <Y>101.775</Y>
      </Point>
      <Point>
        <X>107.3725</X>
        <Y>75.93542</Y>
      </Point>
      <Start>
        <X>125.1203</X>
        <Y>101.775</Y>
      </Start>
      <End>
        <X>107.3725</X>
        <Y>75.93542</Y>
      </End>
    </Points>
  </NodeInfo>
  <NodeInfo name="Transition138" type="Transition">
    <Label>
      <Text></Text>
      <Font>
        <Name>Microsoft Sans Serif</Name>
        <Style>Regular</Style>
        <Size>9</Size>
      </Font>
    </Label>
    <FillColorFrom>-9868951</FillColorFrom>
    <FillColorTo>-9868951</FillColorTo>
    <Border>
      <Color>-16777216</Color>
      <Width>0.3</Width>
    </Border>
    <Location>
      <X>119.8208</X>
      <Y>68.95039</Y>
    </Location>
    <Size>
      <Width>23.85432</Width>
      <Height>0.6908264</Height>
    </Size>
    <Shape>Polyline</Shape>
    <SegmentCount>1</SegmentCount>
    <Anchors>
      <Origin>-1</Origin>
      <Destination>-1</Destination>
    </Anchors>
    <Head>Triangle</Head>
    <Pen>0/#FF000000/0.3/0/0//0/0/10/</Pen>
    <Points>
      <Point>
        <X>143.3751</X>
        <Y>69.25039</Y>
      </Point>
      <Point>
        <X>120.1208</X>
        <Y>69.34121</Y>
      </Point>
      <Start>
        <X>143.3751</X>
        <Y>69.25039</Y>
      </Start>
      <End>
        <X>120.1208</X>
        <Y>69.34121</Y>
      </End>
    </Points>
  </NodeInfo>
</Nodes>