<DecisionTable name="Counterparty Highest Circumstance Gravity">
  <Declaration>
    <Define name="Circumstance Gravities" type="Circumstance Gravities" assembly="Glossaries\Concept.xml" direction="Out" />
    <Define name="Counterparty Accident Circumstances" type="Counterparty Accident Circumstances" assembly="Glossaries\Concept.xml" direction="In" />
  </Declaration>
  <Columns>
    <Condition name="Counterparty Accident Circumstances.Gravity is &quot;Extremely Inculpatory&quot;" expression="Counterparty Accident Circumstances|any(x,x.Gravity==&quot;Extremely Inculpatory&quot;)&amp;#13;&amp;#10;/* list contains(Counterparty Accident Circumstances.Gravity,&quot;Extremely Inculpatory&quot;)*/" />
    <Condition name="Counterparty Accident Circumstances.Gravity contains &quot;Inculpatory&quot;" expression="Counterparty Accident Circumstances|any(x,x.Gravity==&quot;Inculpatory&quot;)&amp;#13;&amp;#10;/* list contains(Counterparty Accident Circumstances.Gravity,&quot;Inculpatory&quot;)*/" />
    <Condition name="Counterparty Accident Circumstances.Gravity contains &quot;Protecting&quot;" expression="Counterparty Accident Circumstances|any(x,x.Gravity==&quot;Protecting&quot;)&amp;#13;&amp;#10;/* list contains(Counterparty Accident Circumstances.Gravity,&quot;Protecting&quot;) */" />
    <Action name="Counterparty Highest Circumstance Gravity" expression="Circumstance Gravities.Counterparty Highest Circumstance Gravity" />
  </Columns>
  <Data>
    <Row>
      <Value>true</Value>
      <Value></Value>
      <Value></Value>
      <Value>Extremely Inculpatory</Value>
    </Row>
    <Row>
      <Value>false</Value>
      <Value>true</Value>
      <Value></Value>
      <Value>Inculpatory</Value>
    </Row>
    <Row>
      <Value>false</Value>
      <Value>false</Value>
      <Value>true</Value>
      <Value>Protecting</Value>
    </Row>
    <Row>
      <Value>false</Value>
      <Value>false</Value>
      <Value>false</Value>
      <Value>Neutral</Value>
    </Row>
  </Data>
</DecisionTable>