﻿<?xml version="1.0" encoding="utf-8"?>
<ExecTemplate>
  <Record date="2023-08-31T01:38:44.7998121Z" file="Counterparty Object RDR Eligibility.xml" title="test">
    <Run providerType="JSONComposer" file=".RunTemplate\30e15984-51ca-41ef-8feb-a3c123232dd2.js.json" />
    <Options input="1" target="0" logic="" />
  </Record>
  <Record date="2023-08-31T02:00:22.700913Z" file="Counterparty Object RDR Eligibility.xml" title="test2">
    <Run providerType="JSONComposer" file=".RunTemplate\e5171446-e0f3-4cf4-ab1a-a30e1f963c5d.js.json" />
    <Options input="1" target="0" logic="" />
  </Record>
</ExecTemplate>