<DRD name="Counterparty Object RDR Eligibility">
  <Declaration>
    <Define name="Counterparty Insurance RDR Affiliated" type="bool" direction="Out" />
    <Define name="Counterparty Object RDR Eligibility" type="Eligibility" assembly="Glossaries\InputData.xml" direction="Out" />
  </Declaration>
  <Glossary>
    <GlossarySource uri="Glossaries\BoxedExpressions.xml" />
  </Glossary>
  <Nodes>
    <Decision name="Decision172" uri="Counterparty Insurance RDR Affiliated.xml" contextMode="Shared" type="Table">
      <Transition name="Transition197" to="Decision196" relationType="Information" />
    </Decision>
    <Decision name="Decision195" uri="Motor Vehicle.xml" contextMode="Shared" type="Table">
      <Transition name="Transition198" to="Decision196" relationType="Information" />
    </Decision>
    <Decision name="Decision196" uri="CounterpartyObjectRDREligibility.xml" contextMode="Shared" type="Table" />
    <InputData name="Counterparty Object" isOutput="False" type="Object Input Data" assembly="Glossaries\InputData.xml">
      <Transition name="Transition138" to="Decision196" relationType="Information" />
    </InputData>
  </Nodes>
</DRD>