<DecisionTable name="Counterparty Accident Circumstance" processAll="False">
  <Declaration>
    <Define name="Counterparty Number of Circumstances" type="int" direction="In" />
    <Define name="Counterparty Accident Circumstance" type="Circumstances" assembly="Glossaries\InputData.xml" direction="Out" value="[]" />
  </Declaration>
  <Columns>
    <Condition name="Counterparty Number of Circumstances" expression="Counterparty Number of Circumstances" />
    <Action name="Counterparty Accident Circumstance" expression="Counterparty Accident Circumstance" />
  </Columns>
  <Data>
    <Row>
      <Value>0</Value>
      <Value>null</Value>
    </Row>
    <Row>
      <Value>1</Value>
      <Value>:Counterparty Accident Circumstances.Circumstance|min()</Value>
    </Row>
    <Row>
      <Value>&gt;1</Value>
      <Value>null</Value>
    </Row>
  </Data>
</DecisionTable>