<Nodes version="2">
  <NodeInfo name="DecisionGraph" type="DRD" />
  <NodeInfo name="Decision69" type="Decision">
    <Label>
      <Text>Insured Customer Number of Circumstances</Text>
      <Font>
        <Name>Microsoft Sans Serif</Name>
        <Style>Regular</Style>
        <Size>9</Size>
      </Font>
      <Size>
        <Width>32.01458</Width>
        <Height>15.7</Height>
      </Size>
      <Location>
        <X>15.96667</X>
        <Y>103.0959</Y>
      </Location>
      <Alignment>
        <Vertical>Center</Vertical>
        <Horizontal>Center</Horizontal>
      </Alignment>
    </Label>
    <Image></Image>
    <ImageAlign>Center</ImageAlign>
    <FillColorFrom>-7876870</FillColorFrom>
    <FillColorTo>-7876870</FillColorTo>
    <Border>
      <Color>-16777216</Color>
      <Width>0.3</Width>
    </Border>
    <Location>
      <X>14.81876</X>
      <Y>103.0959</Y>
    </Location>
    <Size>
      <Width>33.16249</Width>
      <Height>14.64166</Height>
    </Size>
  </NodeInfo>
  <NodeInfo name="Decision70" type="Decision">
    <Label>
      <Text>Counterparty Number of Circumstances</Text>
      <Font>
        <Name>Microsoft Sans Serif</Name>
        <Style>Regular</Style>
        <Size>9</Size>
      </Font>
      <Size>
        <Width>32.01458</Width>
        <Height>12.9604</Height>
      </Size>
      <Location>
        <X>71.96456</X>
        <Y>103.0959</Y>
      </Location>
      <Alignment>
        <Vertical>Center</Vertical>
        <Horizontal>Center</Horizontal>
      </Alignment>
    </Label>
    <Image></Image>
    <ImageAlign>Center</ImageAlign>
    <FillColorFrom>-7876870</FillColorFrom>
    <FillColorTo>-7876870</FillColorTo>
    <Border>
      <Color>-16777216</Color>
      <Width>0.3</Width>
    </Border>
    <Location>
      <X>70.38126</X>
      <Y>103.0959</Y>
    </Location>
    <Size>
      <Width>33.16249</Width>
      <Height>14.64166</Height>
    </Size>
  </NodeInfo>
  <NodeInfo name="Decision71" type="Decision">
    <Label>
      <Text>Insured Customer Accident Circumstance</Text>
      <Font>
        <Name>Microsoft Sans Serif</Name>
        <Style>Regular</Style>
        <Size>9</Size>
      </Font>
      <Size>
        <Width>32.54375</Width>
        <Height>13.84791</Height>
      </Size>
      <Location>
        <X>15.17297</X>
        <Y>79.28333</Y>
      </Location>
      <Alignment>
        <Vertical>Center</Vertical>
        <Horizontal>Center</Horizontal>
      </Alignment>
    </Label>
    <Image></Image>
    <ImageAlign>Center</ImageAlign>
    <FillColorFrom>-7876870</FillColorFrom>
    <FillColorTo>-7876870</FillColorTo>
    <Border>
      <Color>-16777216</Color>
      <Width>0.3</Width>
    </Border>
    <Location>
      <X>14.81876</X>
      <Y>79.28333</Y>
    </Location>
    <Size>
      <Width>33.16249</Width>
      <Height>14.64166</Height>
    </Size>
  </NodeInfo>
  <NodeInfo name="Decision73" type="Decision">
    <Label>
      <Text>Counterparty Accident Circumstance</Text>
      <Font>
        <Name>Microsoft Sans Serif</Name>
        <Style>Regular</Style>
        <Size>9</Size>
      </Font>
      <Size>
        <Width>30.69167</Width>
        <Height>13.84792</Height>
      </Size>
      <Location>
        <X>71.52917</X>
        <Y>79.28333</Y>
      </Location>
      <Alignment>
        <Vertical>Center</Vertical>
        <Horizontal>Center</Horizontal>
      </Alignment>
    </Label>
    <Image></Image>
    <ImageAlign>Center</ImageAlign>
    <FillColorFrom>-7876870</FillColorFrom>
    <FillColorTo>-7876870</FillColorTo>
    <Border>
      <Color>-16777216</Color>
      <Width>0.3</Width>
    </Border>
    <Location>
      <X>70.38126</X>
      <Y>79.28333</Y>
    </Location>
    <Size>
      <Width>33.16249</Width>
      <Height>14.64166</Height>
    </Size>
  </NodeInfo>
  <NodeInfo name="Decision75" type="Decision">
    <Label>
      <Text>Insured Customer Highest Circumstance Gravity</Text>
      <Font>
        <Name>Microsoft Sans Serif</Name>
        <Style>Regular</Style>
        <Size>9</Size>
      </Font>
      <Size>
        <Width>31.74998</Width>
        <Height>12.78959</Height>
      </Size>
      <Location>
        <X>15.70216</X>
        <Y>56.26457</Y>
      </Location>
      <Alignment>
        <Vertical>Center</Vertical>
        <Horizontal>Center</Horizontal>
      </Alignment>
    </Label>
    <Image></Image>
    <ImageAlign>Center</ImageAlign>
    <FillColorFrom>-7876870</FillColorFrom>
    <FillColorTo>-7876870</FillColorTo>
    <Border>
      <Color>-16777216</Color>
      <Width>0.3</Width>
    </Border>
    <Location>
      <X>14.81876</X>
      <Y>56.26457</Y>
    </Location>
    <Size>
      <Width>33.16249</Width>
      <Height>14.64166</Height>
    </Size>
  </NodeInfo>
  <NodeInfo name="Decision82" type="Decision">
    <Label>
      <Text>Counterparty Highest Circumstance Gravity</Text>
      <Font>
        <Name>Microsoft Sans Serif</Name>
        <Style>Regular</Style>
        <Size>9</Size>
      </Font>
      <Size>
        <Width>34.13126</Width>
        <Height>14.1125</Height>
      </Size>
      <Location>
        <X>70.20626</X>
        <Y>55.99999</Y>
      </Location>
      <Alignment>
        <Vertical>Center</Vertical>
        <Horizontal>Center</Horizontal>
      </Alignment>
    </Label>
    <Image></Image>
    <ImageAlign>Center</ImageAlign>
    <FillColorFrom>-7876870</FillColorFrom>
    <FillColorTo>-7876870</FillColorTo>
    <Border>
      <Color>-16777216</Color>
      <Width>0.3</Width>
    </Border>
    <Location>
      <X>70.38126</X>
      <Y>56.52916</Y>
    </Location>
    <Size>
      <Width>33.16249</Width>
      <Height>14.64166</Height>
    </Size>
  </NodeInfo>
  <NodeInfo name="Decision100" type="Decision">
    <Label>
      <Text>Circumstance Gravity Liability</Text>
      <Font>
        <Name>Microsoft Sans Serif</Name>
        <Style>Regular</Style>
        <Size>9</Size>
      </Font>
      <Size>
        <Width>28.83958</Width>
        <Height>13.84792</Height>
      </Size>
      <Location>
        <X>47.9812</X>
        <Y>32.98125</Y>
      </Location>
      <Alignment>
        <Vertical>Center</Vertical>
        <Horizontal>Center</Horizontal>
      </Alignment>
    </Label>
    <Image></Image>
    <ImageAlign>Center</ImageAlign>
    <FillColorFrom>-7876870</FillColorFrom>
    <FillColorTo>-7876870</FillColorTo>
    <Border>
      <Color>-16777216</Color>
      <Width>0.3</Width>
    </Border>
    <Location>
      <X>44.9812</X>
      <Y>33.24583</Y>
    </Location>
    <Size>
      <Width>33.16249</Width>
      <Height>14.64166</Height>
    </Size>
  </NodeInfo>
  <NodeInfo name="Decision171" type="Decision">
    <Label>
      <Text>Car Accident Liability</Text>
      <Font>
        <Name>Microsoft Sans Serif</Name>
        <Style>Regular</Style>
        <Size>9</Size>
      </Font>
      <Size>
        <Width>20</Width>
        <Height>10</Height>
      </Size>
      <Location>
        <X>51.56251</X>
        <Y>5.993748</Y>
      </Location>
      <Alignment>
        <Vertical>Center</Vertical>
        <Horizontal>Center</Horizontal>
      </Alignment>
    </Label>
    <Image></Image>
    <ImageAlign>Center</ImageAlign>
    <FillColorFrom>-7876870</FillColorFrom>
    <FillColorTo>-7876870</FillColorTo>
    <Border>
      <Color>-16777216</Color>
      <Width>0.3</Width>
    </Border>
    <Location>
      <X>44.9812</X>
      <Y>5.993748</Y>
    </Location>
    <Size>
      <Width>33.16249</Width>
      <Height>14.64166</Height>
    </Size>
  </NodeInfo>
  <NodeInfo name="Transition182" type="Transition">
    <Label>
      <Text></Text>
      <Font>
        <Name>Microsoft Sans Serif</Name>
        <Style>Regular</Style>
        <Size>9</Size>
      </Font>
    </Label>
    <FillColorFrom>-9868951</FillColorFrom>
    <FillColorTo>-9868951</FillColorTo>
    <Border>
      <Color>-16777216</Color>
      <Width>0.3</Width>
    </Border>
    <Location>
      <X>31.06823</X>
      <Y>93.62498</Y>
    </Location>
    <Size>
      <Width>0.6317673</Width>
      <Height>9.77092</Height>
    </Size>
    <Shape>Polyline</Shape>
    <SegmentCount>1</SegmentCount>
    <Anchors>
      <Origin>-1</Origin>
      <Destination>-1</Destination>
    </Anchors>
    <Head>Triangle</Head>
    <Pen>0/#FF000000/0.3/0/0//0/0/10/</Pen>
    <Points>
      <Point>
        <X>31.36823</X>
        <Y>103.0959</Y>
      </Point>
      <Point>
        <X>31.4</X>
        <Y>93.92499</Y>
      </Point>
      <Start>
        <X>31.36823</X>
        <Y>103.0959</Y>
      </Start>
      <End>
        <X>31.4</X>
        <Y>93.92499</Y>
      </End>
    </Points>
  </NodeInfo>
  <NodeInfo name="Transition183" type="Transition">
    <Label>
      <Text></Text>
      <Font>
        <Name>Microsoft Sans Serif</Name>
        <Style>Regular</Style>
        <Size>9</Size>
      </Font>
    </Label>
    <FillColorFrom>-9868951</FillColorFrom>
    <FillColorTo>-9868951</FillColorTo>
    <Border>
      <Color>-16777216</Color>
      <Width>0.3</Width>
    </Border>
    <Location>
      <X>86.66226</X>
      <Y>93.62499</Y>
    </Location>
    <Size>
      <Width>0.6002502</Width>
      <Height>9.770912</Height>
    </Size>
    <Shape>Polyline</Shape>
    <SegmentCount>1</SegmentCount>
    <Anchors>
      <Origin>-1</Origin>
      <Destination>-1</Destination>
    </Anchors>
    <Head>Triangle</Head>
    <Pen>0/#FF000000/0.3/0/0//0/0/10/</Pen>
    <Points>
      <Point>
        <X>86.96227</X>
        <Y>103.0959</Y>
      </Point>
      <Point>
        <X>86.96251</X>
        <Y>93.925</Y>
      </Point>
      <Start>
        <X>86.96227</X>
        <Y>103.0959</Y>
      </Start>
      <End>
        <X>86.96251</X>
        <Y>93.925</Y>
      </End>
    </Points>
  </NodeInfo>
  <NodeInfo name="Transition184" type="Transition">
    <Label>
      <Text></Text>
      <Font>
        <Name>Microsoft Sans Serif</Name>
        <Style>Regular</Style>
        <Size>9</Size>
      </Font>
    </Label>
    <FillColorFrom>-9868951</FillColorFrom>
    <FillColorTo>-9868951</FillColorTo>
    <Border>
      <Color>-16777216</Color>
      <Width>0.3</Width>
    </Border>
    <Location>
      <X>31.06195</X>
      <Y>70.60622</Y>
    </Location>
    <Size>
      <Width>0.6380482</Width>
      <Height>8.977112</Height>
    </Size>
    <Shape>Polyline</Shape>
    <SegmentCount>1</SegmentCount>
    <Anchors>
      <Origin>-1</Origin>
      <Destination>-1</Destination>
    </Anchors>
    <Head>Triangle</Head>
    <Pen>0/#FF000000/0.3/0/0//0/0/10/</Pen>
    <Points>
      <Point>
        <X>31.36195</X>
        <Y>79.28333</Y>
      </Point>
      <Point>
        <X>31.4</X>
        <Y>70.90623</Y>
      </Point>
      <Start>
        <X>31.36195</X>
        <Y>79.28333</Y>
      </Start>
      <End>
        <X>31.4</X>
        <Y>70.90623</Y>
      </End>
    </Points>
  </NodeInfo>
  <NodeInfo name="Transition186" type="Transition">
    <Label>
      <Text></Text>
      <Font>
        <Name>Microsoft Sans Serif</Name>
        <Style>Regular</Style>
        <Size>9</Size>
      </Font>
    </Label>
    <FillColorFrom>-9868951</FillColorFrom>
    <FillColorTo>-9868951</FillColorTo>
    <Border>
      <Color>-16777216</Color>
      <Width>0.3</Width>
    </Border>
    <Location>
      <X>40.63751</X>
      <Y>47.58749</Y>
    </Location>
    <Size>
      <Width>11.60653</Width>
      <Height>8.977077</Height>
    </Size>
    <Shape>Polyline</Shape>
    <SegmentCount>1</SegmentCount>
    <Anchors>
      <Origin>-1</Origin>
      <Destination>-1</Destination>
    </Anchors>
    <Head>Triangle</Head>
    <Pen>0/#FF000000/0.3/0/0//0/0/10/</Pen>
    <Points>
      <Point>
        <X>40.93751</X>
        <Y>56.26457</Y>
      </Point>
      <Point>
        <X>51.94404</X>
        <Y>47.88749</Y>
      </Point>
      <Start>
        <X>40.93751</X>
        <Y>56.26457</Y>
      </Start>
      <End>
        <X>51.94404</X>
        <Y>47.88749</Y>
      </End>
    </Points>
  </NodeInfo>
  <NodeInfo name="Transition187" type="Transition">
    <Label>
      <Text></Text>
      <Font>
        <Name>Microsoft Sans Serif</Name>
        <Style>Regular</Style>
        <Size>9</Size>
      </Font>
    </Label>
    <FillColorFrom>-9868951</FillColorFrom>
    <FillColorTo>-9868951</FillColorTo>
    <Border>
      <Color>-16777216</Color>
      <Width>0.3</Width>
    </Border>
    <Location>
      <X>69.22472</X>
      <Y>47.58749</Y>
    </Location>
    <Size>
      <Width>9.998917</Width>
      <Height>9.241669</Height>
    </Size>
    <Shape>Polyline</Shape>
    <SegmentCount>1</SegmentCount>
    <Anchors>
      <Origin>-1</Origin>
      <Destination>-1</Destination>
    </Anchors>
    <Head>Triangle</Head>
    <Pen>0/#FF000000/0.3/0/0//0/0/10/</Pen>
    <Points>
      <Point>
        <X>78.92363</X>
        <Y>56.52916</Y>
      </Point>
      <Point>
        <X>69.52472</X>
        <Y>47.88749</Y>
      </Point>
      <Start>
        <X>78.92363</X>
        <Y>56.52916</Y>
      </Start>
      <End>
        <X>69.52472</X>
        <Y>47.88749</Y>
      </End>
    </Points>
  </NodeInfo>
  <NodeInfo name="Transition172" type="Transition">
    <Label>
      <Text></Text>
      <Font>
        <Name>Microsoft Sans Serif</Name>
        <Style>Regular</Style>
        <Size>9</Size>
      </Font>
    </Label>
    <FillColorFrom>-9868951</FillColorFrom>
    <FillColorTo>-9868951</FillColorTo>
    <Border>
      <Color>-16777216</Color>
      <Width>0.3</Width>
    </Border>
    <Location>
      <X>61.26094</X>
      <Y>20.33541</Y>
    </Location>
    <Size>
      <Width>0.6009064</Width>
      <Height>13.21042</Height>
    </Size>
    <Shape>Polyline</Shape>
    <SegmentCount>1</SegmentCount>
    <Anchors>
      <Origin>-1</Origin>
      <Destination>-1</Destination>
    </Anchors>
    <Head>Triangle</Head>
    <Pen>0/#FF000000/0.3/0/0//0/0/10/</Pen>
    <Points>
      <Point>
        <X>61.56094</X>
        <Y>33.24583</Y>
      </Point>
      <Point>
        <X>61.56184</X>
        <Y>20.63541</Y>
      </Point>
      <Start>
        <X>61.56094</X>
        <Y>33.24583</Y>
      </Start>
      <End>
        <X>61.56184</X>
        <Y>20.63541</Y>
      </End>
    </Points>
  </NodeInfo>
  <NodeInfo name="Transition170" type="Transition">
    <Label>
      <Text></Text>
      <Font>
        <Name>Microsoft Sans Serif</Name>
        <Style>Regular</Style>
        <Size>9</Size>
      </Font>
    </Label>
    <FillColorFrom>-9868951</FillColorFrom>
    <FillColorTo>-9868951</FillColorTo>
    <Border>
      <Color>-16777216</Color>
      <Width>0.3</Width>
    </Border>
    <Location>
      <X>86.66302</X>
      <Y>70.87082</Y>
    </Location>
    <Size>
      <Width>0.6005859</Width>
      <Height>8.712517</Height>
    </Size>
    <Shape>Polyline</Shape>
    <SegmentCount>1</SegmentCount>
    <Anchors>
      <Origin>-1</Origin>
      <Destination>-1</Destination>
    </Anchors>
    <Head>Triangle</Head>
    <Pen>0/#FF000000/0.3/0/0//0/0/10/</Pen>
    <Points>
      <Point>
        <X>86.96361</X>
        <Y>79.28333</Y>
      </Point>
      <Point>
        <X>86.96303</X>
        <Y>71.17082</Y>
      </Point>
      <Start>
        <X>86.96361</X>
        <Y>79.28333</Y>
      </Start>
      <End>
        <X>86.96303</X>
        <Y>71.17082</Y>
      </End>
    </Points>
  </NodeInfo>
</Nodes>