﻿<?xml version="1.0" encoding="utf-8"?>
<ExecTemplate>
  <Record date="2023-08-31T01:31:54.7388279Z" file="DRD RDR Car Accident Position.xml" title="arash2">
    <Run providerType="JSONComposer" file=".RunTemplate\a6e8f5af-18dd-4a71-bfd1-72fcd919c92f.js.json" />
    <Options input="1" target="0" logic="" />
  </Record>
  <Record date="2023-11-01T03:18:03.4781188Z" file="DRD RDR Car Accident Position.xml" title="TestRR">
    <Run providerType="JSONComposer" file=".RunTemplate\ee32f950-9df3-4be9-9409-88d5e13917df.js.json" />
    <Options input="1" target="0" logic="" />
  </Record>
  <Record date="2023-11-02T04:34:46.0383105Z" file="DRD RDR Car Accident Position.xml" title="Allianz Benelux">
    <Run providerType="JSONComposer" file=".RunTemplate\2d3716ff-cb3c-4b00-8ee4-0599d19ee460.js.json" />
    <Options input="1" target="0" logic="" />
  </Record>
  <Record date="2023-11-02T04:46:15.5703543Z" file="DRD RDR Car Accident Position.xml" title="A3, B2">
    <Run providerType="JSONComposer" file=".RunTemplate\aaa07676-6827-4741-a554-1748ac93556c.js.json" />
    <Options input="1" target="0" logic="" />
  </Record>
</ExecTemplate>