<Nodes version="2">
  <NodeInfo name="RDR Car Accident Position" type="DRD" />
  <NodeInfo name="_96230F7D-186C-42CE-8D97-3443F8E54627" type="Decision">
    <Label>
      <Text>RDR Car Accident Position</Text>
      <Font>
        <Name>Microsoft Sans Serif</Name>
        <Style>Regular</Style>
        <Size>9</Size>
      </Font>
      <Size>
        <Width>24.60625</Width>
        <Height>13.4</Height>
      </Size>
      <Location>
        <X>126.4687</X>
        <Y>10.675</Y>
      </Location>
      <Alignment>
        <Vertical>Center</Vertical>
        <Horizontal>Center</Horizontal>
      </Alignment>
    </Label>
    <Image></Image>
    <ImageAlign>Center</ImageAlign>
    <FillColorFrom>-7876870</FillColorFrom>
    <FillColorTo>-7876870</FillColorTo>
    <Border>
      <Color>-16777216</Color>
      <Width>0</Width>
    </Border>
    <Location>
      <X>126.6917</X>
      <Y>10.675</Y>
    </Location>
    <Size>
      <Width>25.17708</Width>
      <Height>12.96458</Height>
    </Size>
  </NodeInfo>
  <NodeInfo name="_8F5B61D9-C3C9-4372-8F18-5E49795DAEAE" type="Decision">
    <Label>
      <Text>RDR Clearing Eligibility</Text>
      <Font>
        <Name>Microsoft Sans Serif</Name>
        <Style>Regular</Style>
        <Size>9</Size>
      </Font>
      <Size>
        <Width>23.34062</Width>
        <Height>15.17708</Height>
      </Size>
      <Location>
        <X>84.66458</X>
        <Y>38.09792</Y>
      </Location>
      <Alignment>
        <Vertical>Center</Vertical>
        <Horizontal>Center</Horizontal>
      </Alignment>
    </Label>
    <Image></Image>
    <ImageAlign>Center</ImageAlign>
    <FillColorFrom>-7876870</FillColorFrom>
    <FillColorTo>-7876870</FillColorTo>
    <Border>
      <Color>-16777216</Color>
      <Width>0</Width>
    </Border>
    <Location>
      <X>83.3</X>
      <Y>39.68541</Y>
    </Location>
    <Size>
      <Width>25.17708</Width>
      <Height>12.96458</Height>
    </Size>
  </NodeInfo>
  <NodeInfo name="_7D45A0FD-C8C4-40DB-850C-464F0CB8AD2A" type="KnowledgeSource">
    <Label>
      <Text>RDR Convention</Text>
      <Font>
        <Name>Microsoft Sans Serif</Name>
        <Style>Regular</Style>
        <Size>9</Size>
      </Font>
      <Size>
        <Width>20</Width>
        <Height>11.1125</Height>
      </Size>
      <Location>
        <X>174.2593</X>
        <Y>9.2526</Y>
      </Location>
      <Alignment>
        <Vertical>Center</Vertical>
        <Horizontal>Center</Horizontal>
      </Alignment>
    </Label>
    <Image></Image>
    <ImageAlign>Center</ImageAlign>
    <FillColorFrom>-6987</FillColorFrom>
    <FillColorTo>-6987</FillColorTo>
    <Border>
      <Color>-16777216</Color>
      <Width>0</Width>
    </Border>
    <Location>
      <X>173.9229</X>
      <Y>9.78177</Y>
    </Location>
    <Size>
      <Width>20.67293</Width>
      <Height>14.75104</Height>
    </Size>
    <Description>"https://www.assuralia.be/nl/26-sectorinfo/conventies/189-conventie-rdr-en-expertise"</Description>
  </NodeInfo>
  <NodeInfo name="_EB850E2F-612B-404F-801E-8AE76D5D8643" type="Decision">
    <Label>
      <Text>Insured Customer Accident Circumstances</Text>
      <Font>
        <Name>Microsoft Sans Serif</Name>
        <Style>Regular</Style>
        <Size>9</Size>
      </Font>
      <Size>
        <Width>28.31041</Width>
        <Height>21.90623</Height>
      </Size>
      <Location>
        <X>145.7468</X>
        <Y>70.45257</Y>
      </Location>
      <Alignment>
        <Vertical>Center</Vertical>
        <Horizontal>Center</Horizontal>
      </Alignment>
    </Label>
    <Image></Image>
    <ImageAlign>Center</ImageAlign>
    <FillColorFrom>-7876870</FillColorFrom>
    <FillColorTo>-7876870</FillColorTo>
    <Border>
      <Color>-16777216</Color>
      <Width>0</Width>
    </Border>
    <Location>
      <X>146.1276</X>
      <Y>75.74424</Y>
    </Location>
    <Size>
      <Width>25.17708</Width>
      <Height>12.96458</Height>
    </Size>
  </NodeInfo>
  <NodeInfo name="_579AF99C-CD42-4E8C-9E3A-B25528B8D2A1" type="Decision">
    <Label>
      <Text>Counterparty Accident Circumstances</Text>
      <Font>
        <Name>Microsoft Sans Serif</Name>
        <Style>Regular</Style>
        <Size>9</Size>
      </Font>
      <Size>
        <Width>20</Width>
        <Height>12.9854</Height>
      </Size>
      <Location>
        <X>231.7954</X>
        <Y>75.74424</Y>
      </Location>
      <Alignment>
        <Vertical>Center</Vertical>
        <Horizontal>Center</Horizontal>
      </Alignment>
    </Label>
    <Image></Image>
    <ImageAlign>Center</ImageAlign>
    <FillColorFrom>-7876870</FillColorFrom>
    <FillColorTo>-7876870</FillColorTo>
    <Border>
      <Color>-16777216</Color>
      <Width>0</Width>
    </Border>
    <Location>
      <X>229.2068</X>
      <Y>75.74424</Y>
    </Location>
    <Size>
      <Width>25.17708</Width>
      <Height>12.96458</Height>
    </Size>
  </NodeInfo>
  <NodeInfo name="CounterpartyAccidentCircumstancesInputData" type="InputData">
    <Label>
      <Text>Counterparty Accident Circumstances Input Data</Text>
      <Font>
        <Name>Microsoft Sans Serif</Name>
        <Style>Regular</Style>
        <Size>9</Size>
      </Font>
      <Size>
        <Width>39.55827</Width>
        <Height>19.26039</Height>
      </Size>
      <Location>
        <X>222.3198</X>
        <Y>101.399</Y>
      </Location>
      <Alignment>
        <Vertical>Center</Vertical>
        <Horizontal>Center</Horizontal>
      </Alignment>
    </Label>
    <Image></Image>
    <ImageAlign>Center</ImageAlign>
    <FillColorFrom>-2572328</FillColorFrom>
    <FillColorTo>-2572328</FillColorTo>
    <Border>
      <Color>-16777216</Color>
      <Width>0</Width>
    </Border>
    <Location>
      <X>219.7313</X>
      <Y>104.574</Y>
    </Location>
    <Size>
      <Width>44.12808</Width>
      <Height>14.64581</Height>
    </Size>
  </NodeInfo>
  <NodeInfo name="InsuredCustomerAccidentCircumstancesInputData" type="InputData">
    <Label>
      <Text>Insured Customer Accident Circumstances Input Data</Text>
      <Font>
        <Name>Microsoft Sans Serif</Name>
        <Style>Regular</Style>
        <Size>9</Size>
      </Font>
      <Size>
        <Width>37.57083</Width>
        <Height>30.10828</Height>
      </Size>
      <Location>
        <X>140.8281</X>
        <Y>97.16567</Y>
      </Location>
      <Alignment>
        <Vertical>Center</Vertical>
        <Horizontal>Center</Horizontal>
      </Alignment>
    </Label>
    <Image></Image>
    <ImageAlign>Center</ImageAlign>
    <FillColorFrom>-2572328</FillColorFrom>
    <FillColorTo>-2572328</FillColorTo>
    <Border>
      <Color>-16777216</Color>
      <Width>0</Width>
    </Border>
    <Location>
      <X>136.6521</X>
      <Y>104.574</Y>
    </Location>
    <Size>
      <Width>44.12807</Width>
      <Height>14.64581</Height>
    </Size>
  </NodeInfo>
  <NodeInfo name="_00F10BC6-11E2-4C72-B6C1-D57CF7D145F0" type="Decision">
    <Label>
      <Text>Car Accident RDR Eligibility</Text>
      <Font>
        <Name>Microsoft Sans Serif</Name>
        <Style>Regular</Style>
        <Size>9</Size>
      </Font>
      <Size>
        <Width>20</Width>
        <Height>11.58749</Height>
      </Size>
      <Location>
        <X>109.4803</X>
        <Y>75.74424</Y>
      </Location>
      <Alignment>
        <Vertical>Center</Vertical>
        <Horizontal>Center</Horizontal>
      </Alignment>
    </Label>
    <Image></Image>
    <ImageAlign>Center</ImageAlign>
    <FillColorFrom>-7876870</FillColorFrom>
    <FillColorTo>-7876870</FillColorTo>
    <Border>
      <Color>-16777216</Color>
      <Width>0</Width>
    </Border>
    <Location>
      <X>106.8917</X>
      <Y>75.74424</Y>
    </Location>
    <Size>
      <Width>25.17708</Width>
      <Height>12.96458</Height>
    </Size>
  </NodeInfo>
  <NodeInfo name="Car Accident" type="InputData">
    <Label>
      <Text>Car Accident</Text>
      <Font>
        <Name>Microsoft Sans Serif</Name>
        <Style>Regular</Style>
        <Size>9</Size>
      </Font>
      <Size>
        <Width>20</Width>
        <Height>10</Height>
      </Size>
      <Location>
        <X>109.4802</X>
        <Y>106.4146</Y>
      </Location>
      <Alignment>
        <Vertical>Center</Vertical>
        <Horizontal>Center</Horizontal>
      </Alignment>
    </Label>
    <Image></Image>
    <ImageAlign>Center</ImageAlign>
    <FillColorFrom>-2572328</FillColorFrom>
    <FillColorTo>-2572328</FillColorTo>
    <Border>
      <Color>-16777216</Color>
      <Width>0</Width>
    </Border>
    <Location>
      <X>107.449</X>
      <Y>106.4146</Y>
    </Location>
    <Size>
      <Width>24.06251</Width>
      <Height>10.96455</Height>
    </Size>
  </NodeInfo>
  <NodeInfo name="Counterparty Object" type="InputData">
    <Label>
      <Text>Counterparty Object</Text>
      <Font>
        <Name>Microsoft Sans Serif</Name>
        <Style>Regular</Style>
        <Size>9</Size>
      </Font>
      <Size>
        <Width>20</Width>
        <Height>10</Height>
      </Size>
      <Location>
        <X>71.62498</X>
        <Y>106.4146</Y>
      </Location>
      <Alignment>
        <Vertical>Center</Vertical>
        <Horizontal>Center</Horizontal>
      </Alignment>
    </Label>
    <Image></Image>
    <ImageAlign>Center</ImageAlign>
    <FillColorFrom>-2572328</FillColorFrom>
    <FillColorTo>-2572328</FillColorTo>
    <Border>
      <Color>-16777216</Color>
      <Width>0</Width>
    </Border>
    <Location>
      <X>69.59373</X>
      <Y>106.4146</Y>
    </Location>
    <Size>
      <Width>24.0625</Width>
      <Height>10.96455</Height>
    </Size>
  </NodeInfo>
  <NodeInfo name="_CBE4D364-0424-400F-A022-11769BD647F5" type="KnowledgeSource">
    <Label>
      <Text>RDR Affiliated Companies List</Text>
      <Font>
        <Name>Microsoft Sans Serif</Name>
        <Style>Regular</Style>
        <Size>9</Size>
      </Font>
      <Size>
        <Width>26.42187</Width>
        <Height>11.18752</Height>
      </Size>
      <Location>
        <X>25.58749</X>
        <Y>39.94999</Y>
      </Location>
      <Alignment>
        <Vertical>Center</Vertical>
        <Horizontal>Center</Horizontal>
      </Alignment>
    </Label>
    <Image></Image>
    <ImageAlign>Center</ImageAlign>
    <FillColorFrom>-6987</FillColorFrom>
    <FillColorTo>-6987</FillColorTo>
    <Border>
      <Color>-16777216</Color>
      <Width>0</Width>
    </Border>
    <Location>
      <X>25.90937</X>
      <Y>41.4021</Y>
    </Location>
    <Size>
      <Width>25.17708</Width>
      <Height>12.96458</Height>
    </Size>
  </NodeInfo>
  <NodeInfo name="SubDrd50" type="SubDrd">
    <Label>
      <Text>Car Accident Liability</Text>
      <Font>
        <Name>Microsoft Sans Serif</Name>
        <Style>Regular</Style>
        <Size>9</Size>
      </Font>
      <Size>
        <Width>20</Width>
        <Height>10</Height>
      </Size>
      <Location>
        <X>189.0636</X>
        <Y>41.00833</Y>
      </Location>
      <Alignment>
        <Vertical>Center</Vertical>
        <Horizontal>Center</Horizontal>
      </Alignment>
    </Label>
    <Image></Image>
    <ImageAlign>Center</ImageAlign>
    <FillColorFrom>-2624513</FillColorFrom>
    <FillColorTo>-2624513</FillColorTo>
    <Border>
      <Color>-16777216</Color>
      <Width>0.3</Width>
    </Border>
    <Location>
      <X>186.475</X>
      <Y>39.68541</Y>
    </Location>
    <Size>
      <Width>25.17708</Width>
      <Height>12.96458</Height>
    </Size>
  </NodeInfo>
  <NodeInfo name="BusinessKnowledge168" type="BusinessKnowledge">
    <Label>
      <Text>RDR Affiliated Companies</Text>
      <Font>
        <Name>Microsoft Sans Serif</Name>
        <Style>Regular</Style>
        <Size>9</Size>
      </Font>
      <Size>
        <Width>20</Width>
        <Height>13.58334</Height>
      </Size>
      <Location>
        <X>28.49791</X>
        <Y>74.68591</Y>
      </Location>
      <Alignment>
        <Vertical>Center</Vertical>
        <Horizontal>Center</Horizontal>
      </Alignment>
    </Label>
    <Image></Image>
    <ImageAlign>Center</ImageAlign>
    <FillColorFrom>-10039894</FillColorFrom>
    <FillColorTo>-10039894</FillColorTo>
    <Border>
      <Color>-16777216</Color>
      <Width>0.3</Width>
    </Border>
    <Location>
      <X>25.90937</X>
      <Y>75.74424</Y>
    </Location>
    <Size>
      <Width>25.17708</Width>
      <Height>12.96458</Height>
    </Size>
  </NodeInfo>
  <NodeInfo name="SubDrd209" type="SubDrd">
    <Label>
      <Text>Counterparty Object RDR Eligibility</Text>
      <Font>
        <Name>Microsoft Sans Serif</Name>
        <Style>Regular</Style>
        <Size>9</Size>
      </Font>
      <Size>
        <Width>20</Width>
        <Height>11.99585</Height>
      </Size>
      <Location>
        <X>71.3604</X>
        <Y>76.80257</Y>
      </Location>
      <Alignment>
        <Vertical>Center</Vertical>
        <Horizontal>Center</Horizontal>
      </Alignment>
    </Label>
    <Image></Image>
    <ImageAlign>Center</ImageAlign>
    <FillColorFrom>-2624513</FillColorFrom>
    <FillColorTo>-2624513</FillColorTo>
    <Border>
      <Color>-16777216</Color>
      <Width>0.3</Width>
    </Border>
    <Location>
      <X>69.03645</X>
      <Y>75.74424</Y>
    </Location>
    <Size>
      <Width>25.17708</Width>
      <Height>12.96458</Height>
    </Size>
  </NodeInfo>
  <NodeInfo name="Transition2" type="Transition">
    <Label>
      <Text></Text>
      <Font>
        <Name>Microsoft Sans Serif</Name>
        <Style>Regular</Style>
        <Size>9</Size>
      </Font>
    </Label>
    <FillColorFrom>-9868951</FillColorFrom>
    <FillColorTo>-9868951</FillColorTo>
    <Border>
      <Color>-16777216</Color>
      <Width>0.3</Width>
    </Border>
    <Location>
      <X>105.2843</X>
      <Y>23.33958</Y>
    </Location>
    <Size>
      <Width>24.60021</Width>
      <Height>16.64583</Height>
    </Size>
    <Shape>Polyline</Shape>
    <SegmentCount>1</SegmentCount>
    <Anchors>
      <Origin>-1</Origin>
      <Destination>-1</Destination>
    </Anchors>
    <Head>Triangle</Head>
    <Pen>0/#FF000000/0.3/0/0//0/0/10/</Pen>
    <Points>
      <Point>
        <X>105.5843</X>
        <Y>39.68541</Y>
      </Point>
      <Point>
        <X>129.5845</X>
        <Y>23.63958</Y>
      </Point>
      <Start>
        <X>105.5843</X>
        <Y>39.68541</Y>
      </Start>
      <End>
        <X>129.5845</X>
        <Y>23.63958</Y>
      </End>
    </Points>
  </NodeInfo>
  <NodeInfo name="Transition4" type="Transition">
    <Label>
      <Text></Text>
      <Font>
        <Name>Microsoft Sans Serif</Name>
        <Style>Regular</Style>
        <Size>9</Size>
      </Font>
    </Label>
    <FillColorFrom>-9868951</FillColorFrom>
    <FillColorTo>-9868951</FillColorTo>
    <Border>
      <Color>-16777216</Color>
      <Width>0.3</Width>
    </Border>
    <Location>
      <X>151.5688</X>
      <Y>16.85729</Y>
    </Location>
    <Size>
      <Width>22.6687</Width>
      <Height>0.6000099</Height>
    </Size>
    <Shape>Polyline</Shape>
    <SegmentCount>1</SegmentCount>
    <Anchors>
      <Origin>-1</Origin>
      <Destination>-1</Destination>
    </Anchors>
    <Head>Circle</Head>
    <Pen>5/#FF000000/0.3/2/10/5/0//0/0/10/</Pen>
    <Points>
      <Point>
        <X>173.9375</X>
        <Y>17.15729</Y>
      </Point>
      <Point>
        <X>151.8688</X>
        <Y>17.1573</Y>
      </Point>
      <Start>
        <X>173.9375</X>
        <Y>17.15729</Y>
      </Start>
      <End>
        <X>151.8688</X>
        <Y>17.1573</Y>
      </End>
    </Points>
  </NodeInfo>
  <NodeInfo name="Transition52" type="Transition">
    <Label>
      <Text></Text>
      <Font>
        <Name>Microsoft Sans Serif</Name>
        <Style>Regular</Style>
        <Size>9</Size>
      </Font>
    </Label>
    <FillColorFrom>-9868951</FillColorFrom>
    <FillColorTo>-9868951</FillColorTo>
    <Border>
      <Color>-16777216</Color>
      <Width>0.3</Width>
    </Border>
    <Location>
      <X>165.6672</X>
      <Y>52.34999</Y>
    </Location>
    <Size>
      <Width>26.44261</Width>
      <Height>23.69425</Height>
    </Size>
    <Shape>Polyline</Shape>
    <SegmentCount>1</SegmentCount>
    <Anchors>
      <Origin>-1</Origin>
      <Destination>-1</Destination>
    </Anchors>
    <Head>Triangle</Head>
    <Pen>0/#FF000000/0.3/0/0//0/0/10/</Pen>
    <Points>
      <Point>
        <X>165.9672</X>
        <Y>75.74424</Y>
      </Point>
      <Point>
        <X>191.8098</X>
        <Y>52.64999</Y>
      </Point>
      <Start>
        <X>165.9672</X>
        <Y>75.74424</Y>
      </Start>
      <End>
        <X>191.8098</X>
        <Y>52.64999</Y>
      </End>
    </Points>
  </NodeInfo>
  <NodeInfo name="Transition53" type="Transition">
    <Label>
      <Text></Text>
      <Font>
        <Name>Microsoft Sans Serif</Name>
        <Style>Regular</Style>
        <Size>9</Size>
      </Font>
    </Label>
    <FillColorFrom>-9868951</FillColorFrom>
    <FillColorTo>-9868951</FillColorTo>
    <Border>
      <Color>-16777216</Color>
      <Width>0.3</Width>
    </Border>
    <Location>
      <X>206.4455</X>
      <Y>52.34999</Y>
    </Location>
    <Size>
      <Width>27.9682</Width>
      <Height>23.69425</Height>
    </Size>
    <Shape>Polyline</Shape>
    <SegmentCount>1</SegmentCount>
    <Anchors>
      <Origin>-1</Origin>
      <Destination>-1</Destination>
    </Anchors>
    <Head>Triangle</Head>
    <Pen>0/#FF000000/0.3/0/0//0/0/10/</Pen>
    <Points>
      <Point>
        <X>234.1137</X>
        <Y>75.74424</Y>
      </Point>
      <Point>
        <X>206.7455</X>
        <Y>52.64999</Y>
      </Point>
      <Start>
        <X>234.1137</X>
        <Y>75.74424</Y>
      </Start>
      <End>
        <X>206.7455</X>
        <Y>52.64999</Y>
      </End>
    </Points>
  </NodeInfo>
  <NodeInfo name="Transition7" type="Transition">
    <Label>
      <Text></Text>
      <Font>
        <Name>Microsoft Sans Serif</Name>
        <Style>Regular</Style>
        <Size>9</Size>
      </Font>
    </Label>
    <FillColorFrom>-9868951</FillColorFrom>
    <FillColorTo>-9868951</FillColorTo>
    <Border>
      <Color>-16777216</Color>
      <Width>0.3</Width>
    </Border>
    <Location>
      <X>241.4953</X>
      <Y>88.40881</Y>
    </Location>
    <Size>
      <Width>0.6000061</Width>
      <Height>16.51619</Height>
    </Size>
    <Shape>Polyline</Shape>
    <SegmentCount>1</SegmentCount>
    <Anchors>
      <Origin>-1</Origin>
      <Destination>-1</Destination>
    </Anchors>
    <Head>Triangle</Head>
    <Pen>0/#FF000000/0.3/0/0//0/0/10/</Pen>
    <Points>
      <Point>
        <X>241.7953</X>
        <Y>104.625</Y>
      </Point>
      <Point>
        <X>241.7953</X>
        <Y>88.70882</Y>
      </Point>
      <Start>
        <X>241.7953</X>
        <Y>104.625</Y>
      </Start>
      <End>
        <X>241.7953</X>
        <Y>88.70882</Y>
      </End>
    </Points>
  </NodeInfo>
  <NodeInfo name="Transition9" type="Transition">
    <Label>
      <Text></Text>
      <Font>
        <Name>Microsoft Sans Serif</Name>
        <Style>Regular</Style>
        <Size>9</Size>
      </Font>
    </Label>
    <FillColorFrom>-9868951</FillColorFrom>
    <FillColorTo>-9868951</FillColorTo>
    <Border>
      <Color>-16777216</Color>
      <Width>0.3</Width>
    </Border>
    <Location>
      <X>158.4161</X>
      <Y>88.40881</Y>
    </Location>
    <Size>
      <Width>0.6000061</Width>
      <Height>16.51619</Height>
    </Size>
    <Shape>Polyline</Shape>
    <SegmentCount>1</SegmentCount>
    <Anchors>
      <Origin>-1</Origin>
      <Destination>-1</Destination>
    </Anchors>
    <Head>Triangle</Head>
    <Pen>0/#FF000000/0.3/0/0//0/0/10/</Pen>
    <Points>
      <Point>
        <X>158.7161</X>
        <Y>104.625</Y>
      </Point>
      <Point>
        <X>158.7161</X>
        <Y>88.70882</Y>
      </Point>
      <Start>
        <X>158.7161</X>
        <Y>104.625</Y>
      </Start>
      <End>
        <X>158.7161</X>
        <Y>88.70882</Y>
      </End>
    </Points>
  </NodeInfo>
  <NodeInfo name="Transition12" type="Transition">
    <Label>
      <Text></Text>
      <Font>
        <Name>Microsoft Sans Serif</Name>
        <Style>Regular</Style>
        <Size>9</Size>
      </Font>
    </Label>
    <FillColorFrom>-9868951</FillColorFrom>
    <FillColorTo>-9868951</FillColorTo>
    <Border>
      <Color>-16777216</Color>
      <Width>0.3</Width>
    </Border>
    <Location>
      <X>99.8296</X>
      <Y>52.34999</Y>
    </Location>
    <Size>
      <Width>15.7096</Width>
      <Height>23.69425</Height>
    </Size>
    <Shape>Polyline</Shape>
    <SegmentCount>1</SegmentCount>
    <Anchors>
      <Origin>-1</Origin>
      <Destination>-1</Destination>
    </Anchors>
    <Head>Triangle</Head>
    <Pen>0/#FF000000/0.3/0/0//0/0/10/</Pen>
    <Points>
      <Point>
        <X>115.2392</X>
        <Y>75.74424</Y>
      </Point>
      <Point>
        <X>100.1296</X>
        <Y>52.64999</Y>
      </Point>
      <Start>
        <X>115.2392</X>
        <Y>75.74424</Y>
      </Start>
      <End>
        <X>100.1296</X>
        <Y>52.64999</Y>
      </End>
    </Points>
  </NodeInfo>
  <NodeInfo name="Transition13" type="Transition">
    <Label>
      <Text></Text>
      <Font>
        <Name>Microsoft Sans Serif</Name>
        <Style>Regular</Style>
        <Size>9</Size>
      </Font>
    </Label>
    <FillColorFrom>-9868951</FillColorFrom>
    <FillColorTo>-9868951</FillColorTo>
    <Border>
      <Color>-16777216</Color>
      <Width>0.3</Width>
    </Border>
    <Location>
      <X>119.1802</X>
      <Y>88.40881</Y>
    </Location>
    <Size>
      <Width>0.6001053</Width>
      <Height>18.32869</Height>
    </Size>
    <Shape>Polyline</Shape>
    <SegmentCount>1</SegmentCount>
    <Anchors>
      <Origin>-1</Origin>
      <Destination>-1</Destination>
    </Anchors>
    <Head>Triangle</Head>
    <Pen>0/#FF000000/0.3/0/0//0/0/10/</Pen>
    <Points>
      <Point>
        <X>119.4803</X>
        <Y>106.4375</Y>
      </Point>
      <Point>
        <X>119.4802</X>
        <Y>88.70882</Y>
      </Point>
      <Start>
        <X>119.4803</X>
        <Y>106.4375</Y>
      </Start>
      <End>
        <X>119.4802</X>
        <Y>88.70882</Y>
      </End>
    </Points>
  </NodeInfo>
  <NodeInfo name="Transition211" type="Transition">
    <Label>
      <Text></Text>
      <Font>
        <Name>Microsoft Sans Serif</Name>
        <Style>Regular</Style>
        <Size>9</Size>
      </Font>
    </Label>
    <FillColorFrom>-9868951</FillColorFrom>
    <FillColorTo>-9868951</FillColorTo>
    <Border>
      <Color>-16777216</Color>
      <Width>0.3</Width>
    </Border>
    <Location>
      <X>81.32474</X>
      <Y>88.40881</Y>
    </Location>
    <Size>
      <Width>0.6001892</Width>
      <Height>18.32869</Height>
    </Size>
    <Shape>Polyline</Shape>
    <SegmentCount>1</SegmentCount>
    <Anchors>
      <Origin>-1</Origin>
      <Destination>-1</Destination>
    </Anchors>
    <Head>Triangle</Head>
    <Pen>0/#FF000000/0.3/0/0//0/0/10/</Pen>
    <Points>
      <Point>
        <X>81.62492</X>
        <Y>106.4375</Y>
      </Point>
      <Point>
        <X>81.62474</X>
        <Y>88.70882</Y>
      </Point>
      <Start>
        <X>81.62492</X>
        <Y>106.4375</Y>
      </Start>
      <End>
        <X>81.62474</X>
        <Y>88.70882</Y>
      </End>
    </Points>
  </NodeInfo>
  <NodeInfo name="Transition170" type="Transition">
    <Label>
      <Text></Text>
      <Font>
        <Name>Microsoft Sans Serif</Name>
        <Style>Regular</Style>
        <Size>9</Size>
      </Font>
    </Label>
    <FillColorFrom>-9868951</FillColorFrom>
    <FillColorTo>-9868951</FillColorTo>
    <Border>
      <Color>-16777216</Color>
      <Width>0.3</Width>
    </Border>
    <Location>
      <X>38.19791</X>
      <Y>52.82545</Y>
    </Location>
    <Size>
      <Width>0.5999985</Width>
      <Height>23.21879</Height>
    </Size>
    <Shape>Polyline</Shape>
    <SegmentCount>1</SegmentCount>
    <Anchors>
      <Origin>-1</Origin>
      <Destination>-1</Destination>
    </Anchors>
    <Head>Circle</Head>
    <Pen>5/#FF000000/0.3/2/10/5/0//0/0/10/</Pen>
    <Points>
      <Point>
        <X>38.49791</X>
        <Y>53.12545</Y>
      </Point>
      <Point>
        <X>38.49791</X>
        <Y>75.74424</Y>
      </Point>
      <Start>
        <X>38.49791</X>
        <Y>53.12545</Y>
      </Start>
      <End>
        <X>38.49791</X>
        <Y>75.74424</Y>
      </End>
    </Points>
  </NodeInfo>
  <NodeInfo name="Transition51" type="Transition">
    <Label>
      <Text></Text>
      <Font>
        <Name>Microsoft Sans Serif</Name>
        <Style>Regular</Style>
        <Size>9</Size>
      </Font>
    </Label>
    <FillColorFrom>-9868951</FillColorFrom>
    <FillColorTo>-9868951</FillColorTo>
    <Border>
      <Color>-16777216</Color>
      <Width>0.3</Width>
    </Border>
    <Location>
      <X>151.5688</X>
      <Y>23.13083</Y>
    </Location>
    <Size>
      <Width>35.20621</Width>
      <Height>17.27213</Height>
    </Size>
    <Shape>Polyline</Shape>
    <SegmentCount>1</SegmentCount>
    <Anchors>
      <Origin>-1</Origin>
      <Destination>-1</Destination>
    </Anchors>
    <Head>Triangle</Head>
    <Pen>0/#FF000000/0.3/0/0//0/0/10/</Pen>
    <Points>
      <Point>
        <X>186.475</X>
        <Y>40.10296</Y>
      </Point>
      <Point>
        <X>151.8688</X>
        <Y>23.43083</Y>
      </Point>
      <Start>
        <X>186.475</X>
        <Y>40.10296</Y>
      </Start>
      <End>
        <X>151.8688</X>
        <Y>23.43083</Y>
      </End>
    </Points>
  </NodeInfo>
  <NodeInfo name="Transition212" type="Transition">
    <Label>
      <Text></Text>
      <Font>
        <Name>Microsoft Sans Serif</Name>
        <Style>Regular</Style>
        <Size>9</Size>
      </Font>
    </Label>
    <FillColorFrom>-9868951</FillColorFrom>
    <FillColorTo>-9868951</FillColorTo>
    <Border>
      <Color>-16777216</Color>
      <Width>0.3</Width>
    </Border>
    <Location>
      <X>50.78645</X>
      <Y>81.91404</Y>
    </Location>
    <Size>
      <Width>18.55001</Width>
      <Height>0.6073456</Height>
    </Size>
    <Shape>Polyline</Shape>
    <SegmentCount>1</SegmentCount>
    <Anchors>
      <Origin>-1</Origin>
      <Destination>-1</Destination>
    </Anchors>
    <Head>Arrow</Head>
    <Pen>5/#FF000000/0.3/2/10/5/0//0/0/10/</Pen>
    <Points>
      <Point>
        <X>51.08645</X>
        <Y>82.21404</Y>
      </Point>
      <Point>
        <X>69.03645</X>
        <Y>82.22138</Y>
      </Point>
      <Start>
        <X>51.08645</X>
        <Y>82.21404</Y>
      </Start>
      <End>
        <X>69.03645</X>
        <Y>82.22138</Y>
      </End>
    </Points>
  </NodeInfo>
  <NodeInfo name="Transition210" type="Transition">
    <Label>
      <Text></Text>
      <Font>
        <Name>Microsoft Sans Serif</Name>
        <Style>Regular</Style>
        <Size>9</Size>
      </Font>
    </Label>
    <FillColorFrom>-9868951</FillColorFrom>
    <FillColorTo>-9868951</FillColorTo>
    <Border>
      <Color>-16777216</Color>
      <Width>0.3</Width>
    </Border>
    <Location>
      <X>83.88924</X>
      <Y>52.34999</Y>
    </Location>
    <Size>
      <Width>9.735168</Width>
      <Height>23.69425</Height>
    </Size>
    <Shape>Polyline</Shape>
    <SegmentCount>1</SegmentCount>
    <Anchors>
      <Origin>-1</Origin>
      <Destination>-1</Destination>
    </Anchors>
    <Head>Triangle</Head>
    <Pen>0/#FF000000/0.3/0/0//0/0/10/</Pen>
    <Points>
      <Point>
        <X>84.18925</X>
        <Y>75.74424</Y>
      </Point>
      <Point>
        <X>93.32441</X>
        <Y>52.64999</Y>
      </Point>
      <Start>
        <X>84.18925</X>
        <Y>75.74424</Y>
      </Start>
      <End>
        <X>93.32441</X>
        <Y>52.64999</Y>
      </End>
    </Points>
  </NodeInfo>
</Nodes>