<DecisionTable name="Insured Customer Highest Circumstance Gravity" processAll="False">
  <Declaration>
    <Define name="Insured Customer Accident Circumstances" type="Circumstances and Gravities List" assembly="Glossaries\InputData.xml" direction="In" />
    <Define name="Insured Customer Highest Circumstance Gravity" type="Circumstance Gravities" assembly="Glossaries\InputData.xml" direction="Out" />
  </Declaration>
  <Columns>
    <Condition name="Insured Customer Accident Circumstances.Gravity contains &quot;Extremely Inculpatory&quot;" expression="Insured Customer Accident Circumstances.Gravity|contains(&quot;Extremely Inculpatory&quot;)&amp;#13;&amp;#10;&amp;#13;&amp;#10;/* list contains(Insured Customer Accident Circumstances.Gravity,&quot;Extremely Inculpatory&quot;) */" />
    <Condition name="Insured Customer Accident Circumstances.Gravity contains &quot;Inculpatory&quot;" expression="Insured Customer Accident Circumstances.Gravity|contains(&quot;Inculpatory&quot;)&amp;#13;&amp;#10;/* list contains(Insured Customer Accident Circumstances.Gravity,&quot;Inculpatory&quot;) */" />
    <Condition name="Insured Customer Accident Circumstances.Gravity contains &quot;Protecting&quot;" expression="Insured Customer Accident Circumstances.Gravity|contains(&quot;Protecting&quot;)&amp;#13;&amp;#10;/* list contains(Insured Customer Accident Circumstances.Gravity,&quot;Protecting&quot;) */" />
    <Action name="Insured Customer Highest Circumstance Gravity" expression="Insured Customer Highest Circumstance Gravity" />
  </Columns>
  <Data>
    <Row>
      <Value>true</Value>
      <Value></Value>
      <Value></Value>
      <Value>Extremely Inculpatory</Value>
    </Row>
    <Row>
      <Value>false</Value>
      <Value>true</Value>
      <Value></Value>
      <Value>Inculpatory</Value>
    </Row>
    <Row>
      <Value>false</Value>
      <Value></Value>
      <Value>true</Value>
      <Value>Protecting</Value>
    </Row>
    <Row>
      <Value>false</Value>
      <Value>false</Value>
      <Value>false</Value>
      <Value>Neutral</Value>
    </Row>
  </Data>
</DecisionTable>