<Flow name="TestingFlow">
  <Declaration>
    <Define name="InsuredCustomerAccidentCircumstancesInputData" direction="In" />
    <Define name="Insured Customer Accident Circumstances" type="expression" direction="Out" value="[]" />
  </Declaration>
  <Nodes>
    <Start name="Start44">
      <Transition name="Transition47" to="Activity45" />
    </Start>
    <Activity name="Activity45" expression="Insured Customer Accident Circumstances|add(InsuredCustomerAccidentCircumstancesInputData)&amp;#13;&amp;#10;">
      <Transition name="Transition48" to="End46" />
    </Activity>
    <End name="End46" />
  </Nodes>
</Flow>