<Nodes version="2">
  <NodeInfo name="Circumstance Gravities" type="Option">
    <Label>
      <Text>Circumstance Gravities</Text>
      <Font>
        <Name>Microsoft Sans Serif</Name>
        <Style>Regular</Style>
        <Size>9</Size>
      </Font>
    </Label>
    <FillColorFrom>-329006</FillColorFrom>
    <FillColorTo>-329006</FillColorTo>
    <Border>
      <Color>-16777216</Color>
      <Width>0.3</Width>
    </Border>
    <Location>
      <X>202.1462</X>
      <Y>140.1341</Y>
    </Location>
    <Size>
      <Width>50.14168</Width>
      <Height>35.58957</Height>
    </Size>
    <Description></Description>
  </NodeInfo>
  <NodeInfo name="Circumstances" type="Option">
    <Label>
      <Text>Circumstances</Text>
      <Font>
        <Name>Microsoft Sans Serif</Name>
        <Style>Regular</Style>
        <Size>9</Size>
      </Font>
    </Label>
    <FillColorFrom>-329006</FillColorFrom>
    <FillColorTo>-329006</FillColorTo>
    <Border>
      <Color>-16777216</Color>
      <Width>0.3</Width>
    </Border>
    <Location>
      <X>256.564</X>
      <Y>3.602974</Y>
    </Location>
    <Size>
      <Width>143.4041</Width>
      <Height>129.0708</Height>
    </Size>
    <Description></Description>
  </NodeInfo>
  <NodeInfo name="Vehicle Type" type="Option">
    <Label>
      <Text>Vehicle Type</Text>
      <Font>
        <Name>Microsoft Sans Serif</Name>
        <Style>Regular</Style>
        <Size>9</Size>
      </Font>
    </Label>
    <FillColorFrom>-329006</FillColorFrom>
    <FillColorTo>-329006</FillColorTo>
    <Border>
      <Color>-16777216</Color>
      <Width>0.3</Width>
    </Border>
    <Location>
      <X>534.9756</X>
      <Y>2.73214</Y>
    </Location>
    <Size>
      <Width>41.01041</Width>
      <Height>47.62498</Height>
    </Size>
    <Description></Description>
  </NodeInfo>
  <NodeInfo name="Countries" type="Option">
    <Label>
      <Text>Countries</Text>
      <Font>
        <Name>Microsoft Sans Serif</Name>
        <Style>Regular</Style>
        <Size>9</Size>
      </Font>
    </Label>
    <FillColorFrom>-329006</FillColorFrom>
    <FillColorTo>-329006</FillColorTo>
    <Border>
      <Color>-16777216</Color>
      <Width>0.3</Width>
    </Border>
    <Location>
      <X>545.8529</X>
      <Y>62.35712</Y>
    </Location>
    <Size>
      <Width>37.83539</Width>
      <Height>88.32499</Height>
    </Size>
    <Description></Description>
  </NodeInfo>
  <NodeInfo name="Circumstances List" type="Fact">
    <Label>
      <Text>Circumstances List</Text>
      <Font>
        <Name>Microsoft Sans Serif</Name>
        <Style>Regular</Style>
        <Size>9</Size>
      </Font>
    </Label>
    <FillColorFrom>-7876885</FillColorFrom>
    <FillColorTo>-7876885</FillColorTo>
    <Border>
      <Color>-16777216</Color>
      <Width>0.3</Width>
    </Border>
    <Location>
      <X>119.2623</X>
      <Y>62.37679</Y>
    </Location>
    <Size>
      <Width>73.12709</Width>
      <Height>23.95</Height>
    </Size>
    <Description></Description>
  </NodeInfo>
  <NodeInfo name="Circumstance and Gravity" type="Fact">
    <Label>
      <Text>Circumstance and Gravity</Text>
      <Font>
        <Name>Microsoft Sans Serif</Name>
        <Style>Regular</Style>
        <Size>9</Size>
      </Font>
    </Label>
    <FillColorFrom>-7876885</FillColorFrom>
    <FillColorTo>-7876885</FillColorTo>
    <Border>
      <Color>-16777216</Color>
      <Width>0.3</Width>
    </Border>
    <Location>
      <X>125.0667</X>
      <Y>104.5208</Y>
    </Location>
    <Size>
      <Width>65.18958</Width>
      <Height>25.92915</Height>
    </Size>
    <Description></Description>
  </NodeInfo>
  <NodeInfo name="Circumstances and Gravities List" type="Fact">
    <Label>
      <Text>Circumstances and Gravities List</Text>
      <Font>
        <Name>Microsoft Sans Serif</Name>
        <Style>Regular</Style>
        <Size>9</Size>
      </Font>
    </Label>
    <FillColorFrom>-7876885</FillColorFrom>
    <FillColorTo>-7876885</FillColorTo>
    <Border>
      <Color>-16777216</Color>
      <Width>0.3</Width>
    </Border>
    <Location>
      <X>5</X>
      <Y>107.9208</Y>
    </Location>
    <Size>
      <Width>110.0667</Width>
      <Height>19.12918</Height>
    </Size>
    <Description></Description>
  </NodeInfo>
  <NodeInfo name="Company List" type="Fact">
    <Label>
      <Text>Company List</Text>
      <Font>
        <Name>Microsoft Sans Serif</Name>
        <Style>Regular</Style>
        <Size>9</Size>
      </Font>
    </Label>
    <FillColorFrom>-7876885</FillColorFrom>
    <FillColorTo>-7876885</FillColorTo>
    <Border>
      <Color>-16777216</Color>
      <Width>0.3</Width>
    </Border>
    <Location>
      <X>612.7568</X>
      <Y>155.5101</Y>
    </Location>
    <Size>
      <Width>56.19373</Width>
      <Height>16.92499</Height>
    </Size>
    <Description></Description>
  </NodeInfo>
  <NodeInfo name="Object Input Data" type="Fact">
    <Label>
      <Text>Object Input Data</Text>
      <Font>
        <Name>Microsoft Sans Serif</Name>
        <Style>Regular</Style>
        <Size>9</Size>
      </Font>
    </Label>
    <FillColorFrom>-7876885</FillColorFrom>
    <FillColorTo>-7876885</FillColorTo>
    <Border>
      <Color>-16777216</Color>
      <Width>0.3</Width>
    </Border>
    <Location>
      <X>428.4026</X>
      <Y>72.12379</Y>
    </Location>
    <Size>
      <Width>96.57294</Width>
      <Height>43.65625</Height>
    </Size>
    <Description></Description>
  </NodeInfo>
  <NodeInfo name="Insurance Status" type="Option">
    <Label>
      <Text>Insurance Status</Text>
      <Font>
        <Name>Microsoft Sans Serif</Name>
        <Style>Regular</Style>
        <Size>9</Size>
      </Font>
    </Label>
    <FillColorFrom>-329006</FillColorFrom>
    <FillColorTo>-329006</FillColorTo>
    <Border>
      <Color>-16777216</Color>
      <Width>0.3</Width>
    </Border>
    <Location>
      <X>534.9756</X>
      <Y>162.6821</Y>
    </Location>
    <Size>
      <Width>44.81665</Width>
      <Height>22.48958</Height>
    </Size>
    <Description></Description>
  </NodeInfo>
  <NodeInfo name="Car Accident" type="Fact">
    <Label>
      <Text>Car Accident</Text>
      <Font>
        <Name>Microsoft Sans Serif</Name>
        <Style>Regular</Style>
        <Size>9</Size>
      </Font>
    </Label>
    <FillColorFrom>-7876885</FillColorFrom>
    <FillColorTo>-7876885</FillColorTo>
    <Border>
      <Color>-16777216</Color>
      <Width>0.3</Width>
    </Border>
    <Location>
      <X>608.713</X>
      <Y>79.92361</Y>
    </Location>
    <Size>
      <Width>80.55096</Width>
      <Height>35.86575</Height>
    </Size>
    <Description></Description>
  </NodeInfo>
  <NodeInfo name="Claim Type" type="Option">
    <Label>
      <Text>Claim Type</Text>
      <Font>
        <Name>Microsoft Sans Serif</Name>
        <Style>Regular</Style>
        <Size>9</Size>
      </Font>
    </Label>
    <FillColorFrom>-329006</FillColorFrom>
    <FillColorTo>-329006</FillColorTo>
    <Border>
      <Color>-16777216</Color>
      <Width>0.3</Width>
    </Border>
    <Location>
      <X>713.5455</X>
      <Y>83.82906</Y>
    </Location>
    <Size>
      <Width>30</Width>
      <Height>30</Height>
    </Size>
    <Description></Description>
  </NodeInfo>
  <NodeInfo name="Eligibility" type="Option">
    <Label>
      <Text>Eligibility</Text>
      <Font>
        <Name>Microsoft Sans Serif</Name>
        <Style>Regular</Style>
        <Size>9</Size>
      </Font>
    </Label>
    <FillColorFrom>-329006</FillColorFrom>
    <FillColorTo>-329006</FillColorTo>
    <Border>
      <Color>-16777216</Color>
      <Width>0.3</Width>
    </Border>
    <Location>
      <X>736.4791</X>
      <Y>140.4104</Y>
    </Location>
    <Size>
      <Width>40.58331</Width>
      <Height>25.66458</Height>
    </Size>
    <Description></Description>
  </NodeInfo>
  <NodeInfo name="Transition48" type="Transition">
    <Label>
      <Text>Gravity</Text>
      <Font>
        <Name>Microsoft Sans Serif</Name>
        <Style>Regular</Style>
        <Size>9</Size>
      </Font>
    </Label>
    <FillColorFrom>-9868951</FillColorFrom>
    <FillColorTo>-9868951</FillColorTo>
    <Border>
      <Color>-16777216</Color>
      <Width>0.3</Width>
    </Border>
    <Location>
      <X>189.9563</X>
      <Y>120.2208</Y>
    </Location>
    <Size>
      <Width>19.9787</Width>
      <Height>20.2133</Height>
    </Size>
    <Shape>Polyline</Shape>
    <SegmentCount>1</SegmentCount>
    <Anchors>
      <Origin>-1</Origin>
      <Destination>-1</Destination>
    </Anchors>
    <Base>Rhombus</Base>
    <Pen>0/#FF000000/0.3/0/0//0/0/10/</Pen>
    <Points>
      <Point>
        <X>190.2563</X>
        <Y>120.5208</Y>
      </Point>
      <Point>
        <X>209.635</X>
        <Y>140.1341</Y>
      </Point>
      <Start>
        <X>190.2563</X>
        <Y>120.5208</Y>
      </Start>
      <End>
        <X>209.635</X>
        <Y>140.1341</Y>
      </End>
    </Points>
    <Fact reference="Circumstance and Gravity.Gravity" to="Circumstance Gravities" />
    <Description></Description>
  </NodeInfo>
  <NodeInfo name="Transition49" type="Transition">
    <Label>
      <Text>Circumstance and Gravity</Text>
      <Font>
        <Name>Microsoft Sans Serif</Name>
        <Style>Regular</Style>
        <Size>9</Size>
      </Font>
    </Label>
    <FillColorFrom>-9868951</FillColorFrom>
    <FillColorTo>-9868951</FillColorTo>
    <Border>
      <Color>-16777216</Color>
      <Width>0.3</Width>
    </Border>
    <Location>
      <X>114.7667</X>
      <Y>117.5186</Y>
    </Location>
    <Size>
      <Width>10.60001</Width>
      <Height>0.7022018</Height>
    </Size>
    <Shape>Polyline</Shape>
    <SegmentCount>1</SegmentCount>
    <Anchors>
      <Origin>-1</Origin>
      <Destination>-1</Destination>
    </Anchors>
    <Base>Rhombus</Base>
    <Pen>0/#FF000000/0.3/0/0//0/0/10/</Pen>
    <Points>
      <Point>
        <X>115.0667</X>
        <Y>117.9208</Y>
      </Point>
      <Point>
        <X>125.0667</X>
        <Y>117.8186</Y>
      </Point>
      <Start>
        <X>115.0667</X>
        <Y>117.9208</Y>
      </Start>
      <End>
        <X>125.0667</X>
        <Y>117.8186</Y>
      </End>
    </Points>
    <Fact reference="Circumstances and Gravities List.Circumstance and Gravity" to="Circumstance and Gravity" />
    <Description></Description>
  </NodeInfo>
  <NodeInfo name="Transition50" type="Transition">
    <Label>
      <Text>Vehicle Type</Text>
      <Font>
        <Name>Microsoft Sans Serif</Name>
        <Style>Regular</Style>
        <Size>9</Size>
      </Font>
    </Label>
    <FillColorFrom>-9868951</FillColorFrom>
    <FillColorTo>-9868951</FillColorTo>
    <Border>
      <Color>-16777216</Color>
      <Width>0.3</Width>
    </Border>
    <Location>
      <X>524.6756</X>
      <Y>26.24463</Y>
    </Location>
    <Size>
      <Width>10.59998</Width>
      <Height>56.17916</Height>
    </Size>
    <Shape>Cascading</Shape>
    <SegmentCount>3</SegmentCount>
    <Anchors>
      <Origin>-1</Origin>
      <Destination>-1</Destination>
    </Anchors>
    <Base>Rhombus</Base>
    <Pen>0/#FF000000/0.3/0/0//0/0/10/</Pen>
    <Points>
      <Point>
        <X>524.9756</X>
        <Y>82.12379</Y>
      </Point>
      <Point>
        <X>529.9756</X>
        <Y>82.12379</Y>
      </Point>
      <Point>
        <X>529.9756</X>
        <Y>26.54463</Y>
      </Point>
      <Point>
        <X>534.9756</X>
        <Y>26.54463</Y>
      </Point>
      <Start>
        <X>524.9756</X>
        <Y>82.12379</Y>
      </Start>
      <End>
        <X>534.9756</X>
        <Y>26.54463</Y>
      </End>
    </Points>
    <Fact reference="Object Input Data.Vehicle Type" to="Vehicle Type" />
    <Description></Description>
  </NodeInfo>
  <NodeInfo name="Transition51" type="Transition">
    <Label>
      <Text>Vehicle Country of Registration</Text>
      <Font>
        <Name>Microsoft Sans Serif</Name>
        <Style>Regular</Style>
        <Size>9</Size>
      </Font>
    </Label>
    <FillColorFrom>-9868951</FillColorFrom>
    <FillColorTo>-9868951</FillColorTo>
    <Border>
      <Color>-16777216</Color>
      <Width>0.3</Width>
    </Border>
    <Location>
      <X>524.6756</X>
      <Y>93.82378</Y>
    </Location>
    <Size>
      <Width>21.47729</Width>
      <Height>12.99582</Height>
    </Size>
    <Shape>Cascading</Shape>
    <SegmentCount>3</SegmentCount>
    <Anchors>
      <Origin>-1</Origin>
      <Destination>-1</Destination>
    </Anchors>
    <Base>Rhombus</Base>
    <Pen>0/#FF000000/0.3/0/0//0/0/10/</Pen>
    <Points>
      <Point>
        <X>524.9756</X>
        <Y>94.12379</Y>
      </Point>
      <Point>
        <X>534.9756</X>
        <Y>94.12379</Y>
      </Point>
      <Point>
        <X>534.9756</X>
        <Y>106.5196</Y>
      </Point>
      <Point>
        <X>545.8529</X>
        <Y>106.5196</Y>
      </Point>
      <Start>
        <X>524.9756</X>
        <Y>94.12379</Y>
      </Start>
      <End>
        <X>545.8529</X>
        <Y>106.5196</Y>
      </End>
    </Points>
    <Fact reference="Object Input Data.Vehicle Country of Registration" to="Countries" />
    <Description></Description>
  </NodeInfo>
  <NodeInfo name="Transition52" type="Transition">
    <Label>
      <Text>Vehicle Insurance Status</Text>
      <Font>
        <Name>Microsoft Sans Serif</Name>
        <Style>Regular</Style>
        <Size>9</Size>
      </Font>
    </Label>
    <FillColorFrom>-9868951</FillColorFrom>
    <FillColorTo>-9868951</FillColorTo>
    <Border>
      <Color>-16777216</Color>
      <Width>0.3</Width>
    </Border>
    <Location>
      <X>524.6756</X>
      <Y>105.8238</Y>
    </Location>
    <Size>
      <Width>10.59998</Width>
      <Height>68.4327</Height>
    </Size>
    <Shape>Cascading</Shape>
    <SegmentCount>3</SegmentCount>
    <Anchors>
      <Origin>-1</Origin>
      <Destination>-1</Destination>
    </Anchors>
    <Base>Rhombus</Base>
    <Pen>0/#FF000000/0.3/0/0//0/0/10/</Pen>
    <Points>
      <Point>
        <X>524.9756</X>
        <Y>106.1238</Y>
      </Point>
      <Point>
        <X>529.9756</X>
        <Y>106.1238</Y>
      </Point>
      <Point>
        <X>529.9756</X>
        <Y>173.9565</Y>
      </Point>
      <Point>
        <X>534.9756</X>
        <Y>173.9565</Y>
      </Point>
      <Start>
        <X>524.9756</X>
        <Y>106.1238</Y>
      </Start>
      <End>
        <X>534.9756</X>
        <Y>173.9565</Y>
      </End>
    </Points>
    <Fact reference="Object Input Data.Vehicle Insurance Status" to="Insurance Status" />
    <Description></Description>
  </NodeInfo>
  <NodeInfo name="Transition53" type="Transition">
    <Label>
      <Text>Claim Type</Text>
      <Font>
        <Name>Microsoft Sans Serif</Name>
        <Style>Regular</Style>
        <Size>9</Size>
      </Font>
    </Label>
    <FillColorFrom>-9868951</FillColorFrom>
    <FillColorTo>-9868951</FillColorTo>
    <Border>
      <Color>-16777216</Color>
      <Width>0.3</Width>
    </Border>
    <Location>
      <X>688.9639</X>
      <Y>99.7108</Y>
    </Location>
    <Size>
      <Width>24.88153</Width>
      <Height>2.512802</Height>
    </Size>
    <Shape>Polyline</Shape>
    <SegmentCount>1</SegmentCount>
    <Anchors>
      <Origin>-1</Origin>
      <Destination>-1</Destination>
    </Anchors>
    <Base>Rhombus</Base>
    <Pen>0/#FF000000/0.3/0/0//0/0/10/</Pen>
    <Points>
      <Point>
        <X>689.2639</X>
        <Y>101.9236</Y>
      </Point>
      <Point>
        <X>713.5455</X>
        <Y>100.0108</Y>
      </Point>
      <Start>
        <X>689.2639</X>
        <Y>101.9236</Y>
      </Start>
      <End>
        <X>713.5455</X>
        <Y>100.0108</Y>
      </End>
    </Points>
    <Fact reference="Car Accident.Claim Type" to="Claim Type" />
    <Description></Description>
  </NodeInfo>
  <NodeInfo name="Transition54" type="Transition">
    <Label>
      <Text>Circumstance</Text>
      <Font>
        <Name>Microsoft Sans Serif</Name>
        <Style>Regular</Style>
        <Size>9</Size>
      </Font>
    </Label>
    <FillColorFrom>-9868951</FillColorFrom>
    <FillColorTo>-9868951</FillColorTo>
    <Border>
      <Color>-16777216</Color>
      <Width>0.3</Width>
    </Border>
    <Location>
      <X>189.9563</X>
      <Y>91.93605</Y>
    </Location>
    <Size>
      <Width>66.90768</Width>
      <Height>22.88475</Height>
    </Size>
    <Shape>Polyline</Shape>
    <SegmentCount>1</SegmentCount>
    <Anchors>
      <Origin>-1</Origin>
      <Destination>-1</Destination>
    </Anchors>
    <Base>Rhombus</Base>
    <Pen>0/#FF000000/0.3/0/0//0/0/10/</Pen>
    <Points>
      <Point>
        <X>190.2563</X>
        <Y>114.5208</Y>
      </Point>
      <Point>
        <X>256.564</X>
        <Y>92.23605</Y>
      </Point>
      <Start>
        <X>190.2563</X>
        <Y>114.5208</Y>
      </Start>
      <End>
        <X>256.564</X>
        <Y>92.23605</Y>
      </End>
    </Points>
    <Fact reference="Circumstance and Gravity.Circumstance" to="Circumstances" />
    <Description></Description>
  </NodeInfo>
  <NodeInfo name="Transition55" type="Transition">
    <Label>
      <Text>Circumstances</Text>
      <Font>
        <Name>Microsoft Sans Serif</Name>
        <Style>Regular</Style>
        <Size>9</Size>
      </Font>
    </Label>
    <FillColorFrom>-9868951</FillColorFrom>
    <FillColorTo>-9868951</FillColorTo>
    <Border>
      <Color>-16777216</Color>
      <Width>0.3</Width>
    </Border>
    <Location>
      <X>192.0893</X>
      <Y>70.07497</Y>
    </Location>
    <Size>
      <Width>64.77469</Width>
      <Height>2.601822</Height>
    </Size>
    <Shape>Polyline</Shape>
    <SegmentCount>1</SegmentCount>
    <Anchors>
      <Origin>-1</Origin>
      <Destination>-1</Destination>
    </Anchors>
    <Base>Rhombus</Base>
    <Pen>0/#FF000000/0.3/0/0//0/0/10/</Pen>
    <Points>
      <Point>
        <X>192.3893</X>
        <Y>72.37679</Y>
      </Point>
      <Point>
        <X>256.564</X>
        <Y>70.37498</Y>
      </Point>
      <Start>
        <X>192.3893</X>
        <Y>72.37679</Y>
      </Start>
      <End>
        <X>256.564</X>
        <Y>70.37498</Y>
      </End>
    </Points>
    <Fact reference="Circumstances List.Circumstances" to="Circumstances" />
    <Description></Description>
  </NodeInfo>
  <NodeInfo name="Transition56" type="Transition">
    <Label>
      <Text>Accident Country</Text>
      <Font>
        <Name>Microsoft Sans Serif</Name>
        <Style>Regular</Style>
        <Size>9</Size>
      </Font>
    </Label>
    <FillColorFrom>-9868951</FillColorFrom>
    <FillColorTo>-9868951</FillColorTo>
    <Border>
      <Color>-16777216</Color>
      <Width>0.3</Width>
    </Border>
    <Location>
      <X>583.3883</X>
      <Y>95.6236</Y>
    </Location>
    <Size>
      <Width>25.62469</Width>
      <Height>6.634399</Height>
    </Size>
    <Shape>Polyline</Shape>
    <SegmentCount>1</SegmentCount>
    <Anchors>
      <Origin>-1</Origin>
      <Destination>-1</Destination>
    </Anchors>
    <Base>Rhombus</Base>
    <Pen>0/#FF000000/0.3/0/0//0/0/10/</Pen>
    <Points>
      <Point>
        <X>608.713</X>
        <Y>95.92361</Y>
      </Point>
      <Point>
        <X>583.6883</X>
        <Y>101.958</Y>
      </Point>
      <Start>
        <X>608.713</X>
        <Y>95.92361</Y>
      </Start>
      <End>
        <X>583.6883</X>
        <Y>101.958</Y>
      </End>
    </Points>
    <Fact reference="Car Accident.Accident Country" to="Countries" />
    <Description></Description>
  </NodeInfo>
  <NodeInfo name="RDR Car Accident Positions" type="Option">
    <Label>
      <Text>RDR Car Accident Positions</Text>
      <Font>
        <Name>Microsoft Sans Serif</Name>
        <Style>Regular</Style>
        <Size>9</Size>
      </Font>
    </Label>
    <FillColorFrom>-329006</FillColorFrom>
    <FillColorTo>-329006</FillColorTo>
    <Border>
      <Color>-16777216</Color>
      <Width>0.3</Width>
    </Border>
    <Location>
      <X>417.0764</X>
      <Y>133.8866</Y>
    </Location>
    <Size>
      <Width>71.27545</Width>
      <Height>35.6875</Height>
    </Size>
    <Description></Description>
  </NodeInfo>
</Nodes>