{
    "CounterpartyAccidentCircumstancesInputData":
    {
        "Circumstances":
        ["17 - had not observed a right of way sign"	
        ]
    },
    "InsuredCustomerAccidentCircumstancesInputData":
    {
        "Circumstances":
        ["6 - entering a roundabout"	
        ]
    },
    "Car Accident":
    {
        "Accident Statement Mutual Agreement":true,
        "Accident Country":"Belgium",
        "Claim Type":"Collision"
    },
    "Counterparty Object":
    {
        "Vehicle Type":"Car",
        "Vehicle Insurance Obligation":true,
        "Vehicle Country of Registration":"Belgium",
        "Vehicle Insurance Company":"AG Insurance",
        "Vehicle Insurance Status":"Insured"
    }
}
